,name
0,6
1,6
2,6
3,6
4,8
5,8
6,8
7,8
8,8
9,8
10,8
11,8
12,9
13,8
14,6
15,8
16,6
17,7
18,7
19,7
20,6
21,8
22,7
23,6
24,7
25,9
26,8
27,9
28,9
29,9
30,8
31,8
32,8
33,9
34,8
35,8
36,8
37,9
38,9
39,9
40,9
41,9
42,9
43,7
44,6
45,8
46,6
47,7
48,7
49,7
50,8
51,9
52,9
53,8
54,9
55,9
56,8
57,6
58,6
59,6
60,9
61,9
62,9
63,9
64,8
65,7
66,9
67,9
68,8
69,8
70,9
71,9
72,8
73,7
74,7
75,9
76,8
77,8
78,8
79,8
80,8
81,8
82,8
83,8
84,8
85,8
86,8
87,8
88,8
89,7
90,7
91,9
92,9
93,8
94,9
95,9
96,7
97,8
98,6
99,7
100,6
101,7
102,7
103,6
104,8
105,9
106,8
107,9
108,9
109,8
110,8
111,8
112,8
113,8
114,8
115,8
116,8
117,9
118,9
119,8
120,9
121,8
122,8
123,8
124,8
125,8
126,9
127,9
128,9
129,9
130,9
131,8
132,8
133,9
134,8
135,8
136,8
137,9
138,8
139,7
140,7
141,8
142,8
143,7
144,7
145,7
146,8
147,7
148,8
149,9
150,9
151,7
152,6
153,7
154,8
155,7
156,7
157,7
158,8
159,8
160,8
161,8
162,9
163,8
164,8
165,7
166,6
167,9
168,6
169,6
170,7
171,6
172,7
173,7
174,6
175,9
176,7
177,8
178,7
179,7
180,8
181,9
182,9
183,8
184,9
185,8
186,9
187,9
188,9
189,9
190,9
191,8
192,8
193,8
194,8
195,7
196,8
197,8
198,6
199,6
200,6
201,6
202,8
203,8
204,8
205,9
206,9
207,9
208,9
209,9
210,7
211,9
212,8
213,8
214,7
215,9
216,7
217,7
218,7
219,8
220,8
221,8
222,8
223,8
224,8
225,8
226,8
227,9
228,7
229,7
230,7
231,8
232,8
233,9
234,8
235,7
236,9
237,8
238,7
239,8
240,8
241,8
242,7
243,9
244,7
245,7
246,7
247,9
248,7
249,8
250,8
251,8
252,7
253,9
254,9
255,8
256,8
257,8
258,8
259,7
260,7
261,8
262,9
263,9
264,8
265,8
266,8
267,8
268,6
269,6
270,6
271,8
272,7
273,7
274,8
275,9
276,9
277,7
278,7
279,7
280,8
281,8
282,8
283,8
284,8
285,8
286,9
287,6
288,9
289,8
290,8
291,6
292,6
293,6
294,6
295,8
296,8
297,8
298,8
299,8
300,8
301,8
302,8
303,8
304,8
305,8
306,9
307,9
308,9
309,7
310,6
311,8
312,8
313,7
314,8
315,7
316,7
317,8
318,9
319,6
320,7
321,7
322,7
323,7
324,9
325,7
326,8
327,8
328,8
329,9
330,8
331,8
332,9
333,9
334,8
335,9
336,8
337,7
338,9
339,8
340,7
341,9
342,7
343,7
344,6
345,6
346,6
347,6
348,7
349,7
350,8
351,8
352,8
353,9
354,9
355,8
356,8
357,7
358,8
359,9
360,8
361,8
362,7
363,7
364,9
365,9
366,8
367,8
368,8
369,8
370,9
371,9
372,9
373,9
374,8
375,8
376,7
377,7
378,7
379,9
380,8
381,7
382,6
383,8
384,8
385,7
386,7
387,7
388,7
389,7
390,7
391,6
392,8
393,9
394,8
395,9
396,9
397,9
398,9
399,9
400,7
401,9
402,8
403,8
404,7
405,8
406,7
407,7
408,7
409,7
410,7
411,7
412,8
413,7
414,7
415,9
416,9
417,9
418,8
419,9
420,8
421,7
422,7
423,7
424,8
425,8
426,9
427,7
428,9
429,8
430,8
431,8
432,8
433,8
434,7
435,7
436,8
437,9
438,7
439,7
440,7
441,7
442,7
443,7
444,7
445,7
446,7
447,8
448,7
449,6
450,7
451,6
452,9
453,9
454,9
455,8
456,8
457,8
458,9
459,8
460,8
461,8
462,7
463,9
464,8
465,8
466,7
467,8
468,9
469,7
470,8
471,8
472,8
473,8
474,8
475,8
476,8
477,8
478,9
479,8
480,8
481,9
482,9
483,9
484,8
485,9
486,9
487,8
488,9
489,7
490,8
491,9
492,7
493,8
494,7
495,7
496,7
497,7
498,8
499,8
500,9
501,8
502,8
503,8
504,9
505,8
506,7
507,7
508,8
509,6
510,6
511,6
512,7
513,8
514,8
515,6
516,6
517,6
518,6
519,9
520,9
521,9
522,8
523,8
524,8
525,8
526,8
527,6
528,6
529,6
530,6
531,6
532,6
533,6
534,6
535,6
536,6
537,9
538,9
539,9
540,9
541,7
542,9
543,7
544,9
545,9
546,9
547,9
548,9
549,9
550,9
551,9
552,9
553,9
554,9
555,9
556,9
557,9
558,9
559,9
560,9
561,9
562,9
563,9
564,9
565,9
566,9
567,9
568,8
569,8
570,8
571,8
572,8
573,8
574,8
575,8
576,7
577,9
578,8
579,8
580,9
581,8
582,9
583,6
584,8
585,9
586,9
587,9
588,9
589,9
590,9
591,9
592,9
593,9
594,9
595,9
596,9
597,8
598,9
599,8
600,9
601,8
602,8
603,9
604,8
605,9
606,9
607,8
608,8
609,8
610,8
611,8
612,8
613,8
614,8
615,8
616,7
617,7
618,8
619,7
620,9
621,9
622,8
623,8
624,9
625,9
626,9
627,9
628,9
629,9
630,9
631,9
632,9
633,9
634,9
635,9
636,9
637,9
638,9
639,9
640,8
641,7
642,7
643,9
644,9
645,9
646,9
647,9
648,9
649,9
650,9
651,9
652,9
653,7
654,7
655,8
656,8
657,7
658,8
659,8
660,7
661,7
662,7
663,6
664,9
665,9
666,9
667,7
668,7
669,7
670,7
671,7
672,9
673,9
674,9
675,9
676,8
677,8
678,8
679,8
680,8
681,8
682,9
683,7
684,8
685,7
686,8
687,8
688,8
689,8
690,9
691,9
692,9
693,9
694,8
695,8
696,8
697,8
698,8
699,8
700,8
701,8
702,8
703,8
704,8
705,9
706,8
707,9
708,6
709,8
710,9
711,9
712,9
713,9
714,8
715,8
716,8
717,7
718,9
719,7
720,9
721,7
722,7
723,7
724,7
725,8
726,8
727,9
728,9
729,9
730,9
731,9
732,9
733,9
734,9
735,9
736,9
737,9
738,9
739,9
740,9
741,9
742,9
743,9
744,9
745,9
746,9
747,9
748,9
749,9
750,9
751,9
752,8
753,8
754,8
755,8
756,6
757,9
758,7
759,7
760,7
761,9
762,7
763,9
764,7
765,8
766,8
767,8
768,6
769,8
770,8
771,8
772,9
773,7
774,7
775,7
776,8
777,8
778,8
779,8
780,8
781,8
782,8
783,8
784,8
785,8
786,7
787,7
788,9
789,9
790,7
791,7
792,8
793,8
794,8
795,8
796,8
797,8
798,8
799,8
800,8
801,9
802,8
803,9
804,9
805,7
806,8
807,7
808,9
809,9
810,8
811,6
812,7
813,7
814,8
815,8
816,8
817,8
818,8
819,8
820,8
821,8
822,8
823,8
824,8
825,8
826,8
827,8
828,8
829,8
830,8
831,9
832,7
833,9
834,8
835,9
836,7
837,7
838,9
839,8
840,9
841,9
842,9
843,9
844,9
845,9
846,9
847,9
848,9
849,9
850,9
851,9
852,9
853,9
854,9
855,9
856,9
857,9
858,9
859,9
860,9
861,9
862,9
863,9
864,9
865,8
866,8
867,8
868,9
869,9
870,9
871,8
872,9
873,9
874,9
875,9
876,9
877,9
878,9
879,9
880,9
881,9
882,9
883,9
884,8
885,8
886,8
887,8
888,7
889,8
890,8
891,7
892,8
893,7
894,8
895,7
896,9
897,8
898,9
899,9
900,8
901,9
902,7
903,6
904,8
905,8
906,8
907,8
908,8
909,6
910,9
911,9
912,6
913,8
914,8
915,8
916,8
917,8
918,8
919,8
920,8
921,7
922,7
923,8
924,8
925,7
926,8
927,7
928,8
929,7
930,7
931,9
932,7
933,7
934,7
935,6
936,8
937,8
938,8
939,8
940,7
941,7
942,8
943,9
944,8
945,8
946,8
947,8
948,8
949,8
950,8
951,8
952,8
953,8
954,7
955,7
956,8
957,8
958,9
959,9
960,9
961,8
962,9
963,9
964,8
965,7
966,9
967,8
968,9
969,9
970,9
971,9
972,9
973,7
974,7
975,7
976,7
977,7
978,9
979,7
980,7
981,7
982,7
983,7
984,7
985,9
986,8
987,9
988,9
989,9
990,9
991,9
992,8
993,8
994,9
995,8
996,7
997,8
998,7
999,8
1000,8
1001,9
1002,8
1003,8
1004,9
1005,8
1006,8
1007,7
1008,9
1009,9
1010,7
1011,8
1012,8
1013,8
1014,8
1015,8
1016,8
1017,8
1018,8
1019,8
1020,8
1021,8
1022,7
1023,8
1024,8
1025,8
1026,8
1027,8
1028,8
1029,7
1030,8
1031,7
1032,9
1033,9
1034,8
1035,8
1036,8
1037,8
1038,8
1039,9
1040,9
1041,9
1042,8
1043,7
1044,8
1045,8
1046,8
1047,8
1048,9
1049,8
1050,7
1051,7
1052,8
1053,8
1054,9
1055,8
1056,8
1057,8
1058,8
1059,7
1060,6
1061,6
1062,9
1063,8
1064,7
1065,8
1066,8
1067,8
1068,9
1069,9
1070,9
1071,8
1072,8
1073,8
1074,8
1075,8
1076,8
1077,8
1078,8
1079,7
1080,7
1081,9
1082,8
1083,8
1084,6
1085,6
1086,6
1087,9
1088,8
1089,8
1090,8
1091,8
1092,8
1093,8
1094,8
1095,8
1096,8
1097,8
1098,8
1099,8
1100,8
1101,9
1102,8
1103,8
1104,8
1105,8
1106,7
1107,7
1108,9
1109,9
1110,9
1111,9
1112,7
1113,7
1114,7
1115,7
1116,9
1117,9
1118,9
1119,8
1120,7
1121,8
1122,8
1123,9
1124,9
1125,8
1126,8
1127,8
1128,7
1129,7
1130,8
1131,7
1132,7
1133,8
1134,9
1135,8
1136,8
1137,8
1138,6
1139,6
1140,7
1141,9
1142,8
1143,7
1144,7
1145,9
1146,8
1147,9
1148,9
1149,9
1150,9
1151,9
1152,8
1153,8
1154,7
1155,6
1156,8
1157,8
1158,8
1159,7
1160,9
1161,9
1162,8
1163,9
1164,8
1165,8
1166,9
1167,9
1168,9
1169,9
1170,9
1171,8
1172,8
1173,8
1174,8
1175,8
1176,8
1177,8
1178,8
1179,8
1180,8
1181,8
1182,8
1183,8
1184,8
1185,8
1186,8
1187,8
1188,9
1189,9
1190,8
1191,7
1192,7
1193,7
1194,7
1195,6
1196,7
1197,8
1198,8
1199,9
1200,9
1201,6
1202,9
1203,8
1204,9
1205,9
1206,9
1207,8
1208,8
1209,9
1210,7
1211,8
1212,8
1213,8
1214,9
1215,7
1216,8
1217,7
1218,7
1219,8
1220,8
1221,7
1222,7
1223,8
1224,6
1225,8
1226,8
1227,8
1228,9
1229,8
1230,7
1231,8
1232,8
1233,8
1234,8
1235,6
1236,7
1237,7
1238,8
1239,8
1240,8
1241,8
1242,8
1243,8
1244,7
1245,7
1246,8
1247,7
1248,7
1249,7
1250,9
1251,9
1252,9
1253,9
1254,8
1255,9
1256,8
1257,8
1258,8
1259,8
1260,8
1261,8
1262,9
1263,9
1264,7
1265,7
1266,9
1267,9
1268,9
1269,7
1270,8
1271,8
1272,8
1273,8
1274,8
1275,8
1276,9
1277,8
1278,8
1279,8
1280,8
1281,8
1282,8
1283,8
1284,9
1285,9
1286,9
1287,9
1288,9
1289,9
1290,9
1291,9
1292,9
1293,9
1294,9
1295,9
1296,9
1297,9
1298,9
1299,8
1300,9
1301,7
1302,9
1303,7
1304,8
1305,8
1306,6
1307,9
1308,7
1309,8
1310,7
1311,8
1312,8
1313,7
1314,9
1315,7
1316,7
1317,6
1318,8
1319,9
1320,8
1321,8
1322,7
1323,8
1324,8
1325,9
1326,9
1327,8
1328,9
1329,7
1330,7
1331,7
1332,8
1333,9
1334,9
1335,9
1336,9
1337,9
1338,9
1339,9
1340,9
1341,9
1342,9
1343,9
1344,9
1345,9
1346,9
1347,9
1348,8
1349,8
1350,8
1351,8
1352,8
1353,8
1354,8
1355,8
1356,8
1357,8
1358,8
1359,8
1360,8
1361,8
1362,8
1363,8
1364,8
1365,8
1366,8
1367,8
1368,7
1369,6
1370,9
1371,7
1372,7
1373,9
1374,6
1375,8
1376,8
1377,8
1378,9
1379,9
1380,9
1381,8
1382,9
1383,6
1384,9
1385,9
1386,9
1387,8
1388,8
1389,8
1390,7
1391,7
1392,6
1393,7
1394,7
1395,6
1396,6
1397,6
1398,6
1399,7
1400,8
1401,7
1402,9
1403,7
1404,8
1405,8
1406,8
1407,8
1408,8
1409,8
1410,8
1411,8
1412,8
1413,8
1414,8
1415,8
1416,8
1417,8
1418,9
1419,9
1420,8
1421,9
1422,9
1423,8
1424,8
1425,6
1426,9
1427,8
1428,9
1429,9
1430,9
1431,9
1432,9
1433,9
1434,8
1435,8
1436,9
1437,8
1438,6
1439,8
1440,8
1441,8
1442,7
1443,7
1444,8
1445,9
1446,9
1447,9
1448,9
1449,9
1450,9
1451,9
1452,9
1453,9
1454,9
1455,9
1456,9
1457,9
1458,9
1459,9
1460,9
1461,9
1462,9
1463,9
1464,9
1465,9
1466,9
1467,9
1468,9
1469,9
1470,8
1471,7
1472,7
1473,6
1474,9
1475,9
1476,8
1477,8
1478,8
1479,9
1480,9
1481,9
1482,9
1483,9
1484,9
1485,9
1486,9
1487,9
1488,9
1489,9
1490,9
1491,9
1492,8
1493,9
1494,9
1495,8
1496,7
1497,7
1498,9
1499,7
1500,9
1501,9
1502,8
1503,8
1504,9
1505,8
1506,8
1507,8
1508,8
1509,8
1510,9
1511,9
1512,8
1513,6
1514,6
1515,8
1516,8
1517,8
1518,8
1519,8
1520,8
1521,8
1522,8
1523,8
1524,8
1525,8
1526,8
1527,8
1528,8
1529,8
1530,8
1531,8
1532,8
1533,8
1534,8
1535,8
1536,7
1537,9
1538,7
1539,7
1540,7
1541,8
1542,9
1543,9
1544,8
1545,7
1546,8
1547,7
1548,7
1549,7
1550,8
1551,8
1552,7
1553,8
1554,8
1555,8
1556,8
1557,8
1558,8
1559,8
1560,8
1561,8
1562,8
1563,8
1564,8
1565,8
1566,8
1567,8
1568,8
1569,8
1570,8
1571,8
1572,8
1573,8
1574,9
1575,7
1576,9
1577,9
1578,9
1579,9
1580,8
1581,8
1582,8
1583,6
1584,8
1585,8
1586,8
1587,8
1588,8
1589,8
1590,8
1591,8
1592,9
1593,6
1594,8
1595,8
1596,9
1597,9
1598,9
1599,9
1600,9
1601,8
1602,8
1603,7
1604,7
1605,9
1606,7
1607,8
1608,8
1609,8
1610,8
1611,9
1612,6
1613,9
1614,9
1615,8
1616,8
1617,8
1618,8
1619,8
1620,9
1621,9
1622,8
1623,9
1624,9
1625,8
1626,6
1627,9
1628,7
1629,9
1630,8
1631,7
1632,7
1633,7
1634,7
1635,7
1636,8
1637,6
1638,9
1639,7
1640,7
1641,7
1642,7
1643,9
1644,9
1645,6
1646,6
1647,6
1648,6
1649,9
1650,8
1651,9
1652,7
1653,7
1654,7
1655,7
1656,7
1657,8
1658,8
1659,8
1660,8
1661,7
1662,8
1663,8
1664,8
1665,9
1666,7
1667,8
1668,8
1669,9
1670,9
1671,8
1672,9
1673,9
1674,8
1675,8
1676,8
1677,9
1678,8
1679,7
1680,7
1681,7
1682,7
1683,8
1684,9
1685,7
1686,7
1687,9
1688,9
1689,9
1690,8
1691,8
1692,9
1693,8
1694,8
1695,8
1696,9
1697,9
1698,6
1699,7
1700,8
1701,9
1702,8
1703,7
1704,6
1705,7
1706,8
1707,7
1708,8
1709,9
1710,9
1711,9
1712,6
1713,8
1714,8
1715,8
1716,8
1717,8
1718,9
1719,8
1720,7
1721,9
1722,7
1723,6
1724,8
1725,8
1726,8
1727,9
1728,9
1729,9
1730,8
1731,8
1732,7
1733,7
1734,7
1735,7
1736,8
1737,8
1738,8
1739,8
1740,9
1741,7
1742,7
1743,7
1744,8
1745,8
1746,9
1747,8
1748,7
1749,7
1750,7
1751,7
1752,8
1753,9
1754,8
1755,8
1756,8
1757,8
1758,7
1759,7
1760,8
1761,7
1762,7
1763,8
1764,8
1765,9
1766,7
1767,9
1768,9
1769,9
1770,9
1771,7
1772,9
1773,8
1774,8
1775,9
1776,8
1777,8
1778,8
1779,8
1780,8
1781,8
1782,9
1783,9
1784,9
1785,7
1786,7
1787,8
1788,8
1789,9
1790,8
1791,7
1792,7
1793,8
1794,8
1795,7
1796,7
1797,7
1798,7
1799,7
1800,7
1801,7
1802,9
1803,8
1804,9
1805,9
1806,7
1807,8
1808,8
1809,6
1810,8
1811,8
1812,9
1813,9
1814,9
1815,8
1816,8
1817,8
1818,8
1819,7
1820,7
1821,6
1822,9
1823,7
1824,7
1825,8
1826,9
1827,8
1828,8
1829,8
1830,9
1831,9
1832,9
1833,8
1834,8
1835,7
1836,7
1837,7
1838,9
1839,9
1840,7
1841,7
1842,8
1843,8
1844,7
1845,7
1846,8
1847,9
1848,9
1849,7
1850,7
1851,8
1852,8
1853,7
1854,9
1855,8
1856,8
1857,8
1858,8
1859,8
1860,7
1861,8
1862,9
1863,7
1864,7
1865,7
1866,8
1867,8
1868,7
1869,8
1870,7
1871,7
1872,8
1873,9
1874,8
1875,9
1876,9
1877,7
1878,9
1879,7
1880,9
1881,9
1882,9
1883,8
1884,8
1885,8
1886,8
1887,6
1888,8
1889,7
1890,7
1891,7
1892,9
1893,9
1894,8
1895,8
1896,8
1897,8
1898,8
1899,8
1900,8
1901,8
1902,7
1903,7
1904,7
1905,8
1906,8
1907,6
1908,6
1909,6
1910,9
1911,9
1912,7
1913,8
1914,6
1915,6
1916,9
1917,9
1918,9
1919,9
1920,9
1921,9
1922,8
1923,7
1924,7
1925,8
1926,9
1927,9
1928,7
1929,6
1930,6
1931,8
1932,8
1933,9
1934,7
1935,6
1936,8
1937,7
1938,8
1939,8
1940,8
1941,9
1942,9
1943,7
1944,7
1945,9
1946,7
1947,7
1948,8
1949,8
1950,8
1951,8
1952,8
1953,8
1954,9
1955,8
1956,8
1957,7
1958,8
1959,8
1960,7
1961,7
1962,9
1963,9
1964,9
1965,9
1966,7
1967,7
1968,7
1969,7
1970,6
1971,8
1972,7
1973,7
1974,8
1975,8
1976,8
1977,8
1978,7
1979,7
1980,6
1981,6
1982,8
1983,8
1984,7
1985,8
1986,8
1987,8
1988,9
1989,9
1990,8
1991,8
1992,8
1993,8
1994,7
1995,7
1996,8
1997,8
1998,8
1999,8
2000,8
2001,8
2002,8
2003,8
2004,8
2005,8
2006,8
2007,8
2008,9
2009,7
2010,7
2011,8
2012,9
2013,7
2014,8
2015,9
2016,8
2017,7
2018,8
2019,9
2020,9
2021,9
2022,9
2023,7
2024,7
2025,7
2026,9
2027,8
2028,9
2029,9
2030,9
2031,8
2032,7
2033,8
2034,6
2035,7
2036,8
2037,7
2038,7
2039,7
2040,7
2041,7
2042,8
2043,8
2044,8
2045,8
2046,8
2047,8
2048,9
2049,9
2050,9
2051,9
2052,9
2053,9
2054,7
2055,7
2056,8
2057,8
2058,8
2059,8
2060,8
2061,8
2062,7
2063,9
2064,8
2065,8
2066,6
2067,6
2068,6
2069,8
2070,8
2071,9
2072,8
2073,8
2074,8
2075,9
2076,9
2077,9
2078,9
2079,9
2080,9
2081,9
2082,9
2083,9
2084,9
2085,9
2086,9
2087,9
2088,9
2089,9
2090,9
2091,7
2092,8
2093,6
2094,7
2095,8
2096,9
2097,9
2098,9
2099,8
2100,8
2101,9
2102,9
2103,9
2104,8
2105,8
2106,9
2107,6
2108,9
2109,9
2110,9
2111,9
2112,8
2113,9
2114,9
2115,6
2116,8
2117,8
2118,9
2119,8
2120,8
2121,8
2122,8
2123,9
2124,8
2125,8
2126,8
2127,8
2128,8
2129,8
2130,8
2131,9
2132,6
2133,9
2134,8
2135,8
2136,8
2137,8
2138,7
2139,8
2140,8
2141,9
2142,8
2143,7
2144,9
2145,8
2146,8
2147,8
2148,8
2149,9
2150,8
2151,8
2152,6
2153,6
2154,6
2155,8
2156,9
2157,8
2158,8
2159,8
2160,8
2161,8
2162,8
2163,8
2164,8
2165,8
2166,8
2167,8
2168,8
2169,6
2170,8
2171,8
2172,9
2173,8
2174,8
2175,7
2176,7
2177,7
2178,9
2179,8
2180,8
2181,8
2182,9
2183,8
2184,8
2185,8
2186,7
2187,7
2188,7
2189,8
2190,8
2191,8
2192,9
2193,8
2194,7
2195,7
2196,7
2197,8
2198,8
2199,9
2200,8
2201,8
2202,8
2203,7
2204,7
2205,9
2206,8
2207,9
2208,9
2209,8
2210,8
2211,8
2212,8
2213,9
2214,8
2215,7
2216,7
2217,8
2218,8
2219,7
2220,9
2221,8
2222,8
2223,9
2224,8
2225,7
2226,7
2227,9
2228,7
2229,7
2230,7
2231,7
2232,7
2233,7
2234,7
2235,7
2236,7
2237,7
2238,7
2239,8
2240,7
2241,8
2242,6
2243,7
2244,7
2245,8
2246,8
2247,7
2248,9
2249,9
2250,9
2251,9
2252,9
2253,9
2254,8
2255,7
2256,8
2257,7
2258,7
2259,8
2260,8
2261,9
2262,7
2263,9
2264,8
2265,8
2266,8
2267,9
2268,7
2269,7
2270,8
2271,9
2272,7
2273,7
2274,7
2275,9
2276,9
2277,8
2278,9
2279,9
2280,8
2281,9
2282,9
2283,9
2284,9
2285,9
2286,7
2287,8
2288,9
2289,9
2290,8
2291,9
2292,9
2293,7
2294,7
2295,9
2296,9
2297,9
2298,9
2299,9
2300,9
2301,9
2302,9
2303,9
2304,9
2305,9
2306,9
2307,8
2308,9
2309,9
2310,9
2311,9
2312,9
2313,8
2314,8
2315,9
2316,9
2317,9
2318,9
2319,9
2320,9
2321,9
2322,9
2323,9
2324,9
2325,9
2326,9
2327,9
2328,9
2329,8
2330,8
2331,8
2332,8
2333,9
2334,6
2335,7
2336,7
2337,6
2338,6
2339,8
2340,9
2341,9
2342,7
2343,6
2344,8
2345,8
2346,8
2347,9
2348,8
2349,8
2350,9
2351,8
2352,8
2353,8
2354,9
2355,9
2356,9
2357,9
2358,8
2359,8
2360,9
2361,9
2362,9
2363,6
2364,6
2365,7
2366,6
2367,6
2368,6
2369,9
2370,9
2371,8
2372,7
2373,7
2374,7
2375,7
2376,7
2377,7
2378,7
2379,7
2380,7
2381,9
2382,9
2383,9
2384,9
2385,9
2386,9
2387,9
2388,8
2389,7
2390,8
2391,8
2392,8
2393,9
2394,9
2395,8
2396,8
2397,8
2398,8
2399,8
2400,8
2401,7
2402,7
2403,7
2404,7
2405,7
2406,9
2407,9
2408,8
2409,8
2410,8
2411,8
2412,8
2413,9
2414,8
2415,8
2416,8
2417,8
2418,8
2419,8
2420,8
2421,8
2422,8
2423,6
2424,7
2425,7
2426,9
2427,6
2428,6
2429,7
2430,7
2431,7
2432,6
2433,8
2434,9
2435,9
2436,9
2437,7
2438,7
2439,9
2440,8
2441,9
2442,8
2443,8
2444,8
2445,9
2446,6
2447,7
2448,9
2449,8
2450,8
2451,7
2452,8
2453,7
2454,7
2455,9
2456,9
2457,9
2458,9
2459,9
2460,9
2461,8
2462,6
2463,9
2464,8
2465,8
2466,8
2467,8
2468,8
2469,8
2470,8
2471,6
2472,7
2473,7
2474,8
2475,6
2476,8
2477,8
2478,7
2479,8
2480,8
2481,8
2482,7
2483,9
2484,9
2485,7
2486,8
2487,9
2488,8
2489,8
2490,9
2491,9
2492,9
2493,9
2494,9
2495,8
2496,8
2497,8
2498,8
2499,8
2500,8
2501,8
2502,8
2503,8
2504,7
2505,7
2506,9
2507,7
2508,9
2509,8
2510,8
2511,8
2512,8
2513,7
2514,8
2515,8
2516,9
2517,9
2518,9
2519,9
2520,9
2521,9
2522,8
2523,9
2524,8
2525,8
2526,8
2527,8
2528,8
2529,8
2530,6
2531,8
2532,8
2533,8
2534,8
2535,8
2536,9
2537,7
2538,9
2539,8
2540,9
2541,9
2542,8
2543,7
2544,8
2545,8
2546,8
2547,8
2548,8
2549,9
2550,7
2551,7
2552,8
2553,8
2554,8
2555,8
2556,8
2557,8
2558,8
2559,7
2560,8
2561,9
2562,9
2563,8
2564,7
2565,8
2566,7
2567,8
2568,7
2569,9
2570,9
2571,7
2572,8
2573,8
2574,8
2575,9
2576,9
2577,6
2578,6
2579,6
2580,6
2581,7
2582,7
2583,9
2584,8
2585,8
2586,8
2587,9
2588,8
2589,9
2590,8
2591,8
2592,8
2593,7
2594,8
2595,8
2596,8
2597,7
2598,8
2599,9
2600,8
2601,8
2602,9
2603,9
2604,9
2605,9
2606,9
2607,9
2608,9
2609,9
2610,9
2611,9
2612,9
2613,9
2614,9
2615,9
2616,8
2617,7
2618,7
2619,7
2620,7
2621,8
2622,6
2623,6
2624,7
2625,7
2626,8
2627,8
2628,8
2629,6
2630,9
2631,9
2632,9
2633,7
2634,8
2635,7
2636,8
2637,8
2638,8
2639,8
2640,8
2641,8
2642,6
2643,8
2644,9
2645,6
2646,9
2647,8
2648,8
2649,9
2650,7
2651,9
2652,7
2653,8
2654,9
2655,8
2656,7
2657,7
2658,7
2659,6
2660,9
2661,9
2662,9
2663,8
2664,7
2665,8
2666,8
2667,9
2668,8
2669,8
2670,8
2671,8
2672,8
2673,8
2674,8
2675,8
2676,8
2677,8
2678,8
2679,8
2680,7
2681,8
2682,7
2683,8
2684,9
2685,8
2686,7
2687,6
2688,7
2689,8
2690,8
2691,6
2692,9
2693,9
2694,9
2695,8
2696,9
2697,7
2698,9
2699,9
2700,9
2701,9
2702,9
2703,9
2704,9
2705,8
2706,8
2707,6
2708,7
2709,7
2710,7
2711,7
2712,8
2713,7
2714,7
2715,7
2716,7
2717,7
2718,9
2719,8
2720,8
2721,7
2722,8
2723,8
2724,7
2725,7
2726,8
2727,9
2728,7
2729,7
2730,7
2731,7
2732,6
2733,7
2734,7
2735,8
2736,8
2737,8
2738,8
2739,8
2740,7
2741,7
2742,9
2743,8
2744,8
2745,6
2746,8
2747,6
2748,8
2749,8
2750,8
2751,7
2752,7
2753,7
2754,9
2755,8
2756,6
2757,8
2758,9
2759,8
2760,8
2761,9
2762,9
2763,7
2764,9
2765,8
2766,7
2767,8
2768,7
2769,7
2770,7
2771,7
2772,9
2773,8
2774,8
2775,6
2776,7
2777,7
2778,7
2779,7
2780,7
2781,8
2782,8
2783,8
2784,8
2785,7
2786,7
2787,8
2788,8
2789,8
2790,8
2791,9
2792,9
2793,8
2794,9
2795,9
2796,8
2797,8
2798,8
2799,6
2800,6
2801,9
2802,9
2803,9
2804,8
2805,8
2806,8
2807,8
2808,8
2809,9
2810,9
2811,8
2812,6
2813,8
2814,8
2815,8
2816,9
2817,8
2818,8
2819,8
2820,7
2821,8
2822,9
2823,9
2824,7
2825,7
2826,7
2827,7
2828,7
2829,7
2830,8
2831,8
2832,9
2833,9
2834,8
2835,9
2836,8
2837,8
2838,8
2839,9
2840,7
2841,7
2842,6
2843,6
2844,6
2845,6
2846,6
2847,6
2848,6
2849,6
2850,6
2851,6
2852,9
2853,9
2854,9
2855,9
2856,9
2857,9
2858,8
2859,8
2860,8
2861,9
2862,9
2863,9
2864,9
2865,9
2866,9
2867,9
2868,8
2869,8
2870,6
2871,9
2872,7
2873,9
2874,8
2875,6
2876,7
2877,9
2878,7
2879,8
2880,8
2881,9
2882,8
2883,8
2884,7
2885,7
2886,8
2887,9
2888,9
2889,9
2890,9
2891,9
2892,9
2893,8
2894,8
2895,9
2896,9
2897,9
2898,9
2899,7
2900,7
2901,7
2902,8
2903,8
2904,7
2905,7
2906,6
2907,8
2908,7
2909,7
2910,8
2911,7
2912,8
2913,8
2914,9
2915,8
2916,7
2917,7
2918,8
2919,8
2920,7
2921,7
2922,8
2923,9
2924,7
2925,7
2926,8
2927,7
2928,7
2929,7
2930,7
2931,7
2932,7
2933,7
2934,7
2935,7
2936,9
2937,9
2938,8
2939,7
2940,7
2941,8
2942,8
2943,8
2944,8
2945,9
2946,7
2947,7
2948,7
2949,7
2950,7
2951,7
2952,7
2953,7
2954,7
2955,7
2956,7
2957,7
2958,7
2959,7
2960,7
2961,7
2962,7
2963,6
2964,8
2965,8
2966,7
2967,6
2968,6
2969,6
2970,8
2971,8
2972,8
2973,9
2974,9
2975,9
2976,8
2977,9
2978,7
2979,7
2980,7
2981,8
2982,7
2983,7
2984,8
2985,8
2986,9
2987,9
2988,9
2989,8
2990,8
2991,8
2992,8
2993,8
2994,8
2995,8
2996,8
2997,8
2998,8
2999,8
3000,8
3001,8
3002,8
3003,8
3004,8
3005,8
3006,8
3007,8
3008,8
3009,8
3010,8
3011,8
3012,8
3013,8
3014,8
3015,7
3016,7
3017,7
3018,9
3019,8
3020,8
3021,9
3022,9
3023,8
3024,8
3025,8
3026,8
3027,8
3028,8
3029,8
3030,8
3031,8
3032,8
3033,8
3034,8
3035,8
3036,8
3037,8
3038,7
3039,8
3040,8
3041,7
3042,7
3043,7
3044,7
3045,6
3046,6
3047,8
3048,8
3049,8
3050,8
3051,8
3052,9
3053,9
3054,8
3055,6
3056,7
3057,7
3058,8
3059,8
3060,7
3061,8
3062,8
3063,7
3064,7
3065,8
3066,8
3067,7
3068,7
3069,9
3070,8
3071,8
3072,8
3073,9
3074,9
3075,9
3076,9
3077,9
3078,9
3079,9
3080,9
3081,8
3082,8
3083,9
3084,8
3085,6
3086,9
3087,8
3088,8
3089,7
3090,7
3091,8
3092,7
3093,7
3094,7
3095,7
3096,7
3097,7
3098,7
3099,7
3100,7
3101,7
3102,7
3103,7
3104,9
3105,9
3106,7
3107,7
3108,8
3109,8
3110,8
3111,8
3112,8
3113,8
3114,8
3115,8
3116,8
3117,8
3118,8
3119,8
3120,8
3121,8
3122,8
3123,7
3124,8
3125,7
3126,8
3127,8
3128,7
3129,8
3130,8
3131,8
3132,8
3133,8
3134,8
3135,9
3136,9
3137,9
3138,8
3139,7
3140,7
3141,6
3142,8
3143,8
3144,8
3145,9
3146,9
3147,9
3148,7
3149,7
3150,7
3151,7
3152,7
3153,7
3154,7
3155,8
3156,8
3157,8
3158,8
3159,9
3160,8
3161,7
3162,7
3163,6
3164,9
3165,8
3166,6
3167,8
3168,7
3169,7
3170,7
3171,7
3172,7
3173,7
3174,9
3175,9
3176,8
3177,9
3178,7
3179,6
3180,7
3181,8
3182,8
3183,8
3184,9
3185,9
3186,8
3187,7
3188,7
3189,7
3190,8
3191,7
3192,8
3193,8
3194,8
3195,8
3196,8
3197,8
3198,8
3199,8
3200,9
3201,9
3202,9
3203,9
3204,9
3205,8
3206,8
3207,7
3208,7
3209,7
3210,8
3211,6
3212,6
3213,8
3214,9
3215,9
3216,9
3217,9
3218,9
3219,9
3220,9
3221,9
3222,8
3223,6
3224,9
3225,7
3226,8
3227,7
3228,6
3229,6
3230,7
3231,7
3232,6
3233,8
3234,9
3235,9
3236,9
3237,9
3238,9
3239,9
3240,8
3241,8
3242,9
3243,8
3244,8
3245,8
3246,9
3247,7
3248,8
3249,8
3250,9
3251,9
3252,8
3253,8
3254,8
3255,7
3256,8
3257,7
3258,7
3259,7
3260,7
3261,9
3262,9
3263,9
3264,7
3265,7
3266,9
3267,9
3268,8
3269,9
3270,8
3271,9
3272,9
3273,9
3274,6
3275,7
3276,6
3277,9
3278,8
3279,6
3280,6
3281,8
3282,9
3283,7
3284,7
3285,9
3286,9
3287,9
3288,9
3289,8
3290,8
3291,8
3292,8
3293,9
3294,6
3295,6
3296,6
3297,9
3298,8
3299,8
3300,8
3301,8
3302,9
3303,6
3304,8
3305,8
3306,9
3307,9
3308,9
3309,9
3310,6
3311,8
3312,8
3313,9
3314,8
3315,7
3316,8
3317,8
3318,8
3319,8
3320,8
3321,9
3322,6
3323,9
3324,8
3325,8
3326,8
3327,8
3328,8
3329,8
3330,6
3331,9
3332,8
3333,7
3334,9
3335,9
3336,8
3337,7
3338,9
3339,8
3340,7
3341,7
3342,7
3343,8
3344,8
3345,9
3346,9
3347,9
3348,7
3349,6
3350,7
3351,8
3352,9
3353,8
3354,8
3355,9
3356,7
3357,9
3358,9
3359,9
3360,9
3361,9
3362,8
3363,8
3364,9
3365,8
3366,9
3367,9
3368,9
3369,9
3370,8
3371,9
3372,7
3373,7
3374,7
3375,7
3376,8
3377,8
3378,8
3379,8
3380,9
3381,7
3382,7
3383,7
3384,8
3385,7
3386,9
3387,8
3388,6
3389,7
3390,7
3391,7
3392,7
3393,9
3394,9
3395,9
3396,7
3397,7
3398,7
3399,8
3400,9
3401,9
3402,7
3403,7
3404,7
3405,7
3406,8
3407,8
3408,8
3409,8
3410,9
3411,8
3412,8
3413,9
3414,9
3415,7
3416,9
3417,8
3418,8
3419,8
3420,7
3421,7
3422,7
3423,7
3424,7
3425,7
3426,7
3427,7
3428,9
3429,9
3430,7
3431,8
3432,9
3433,9
3434,8
3435,9
3436,8
3437,8
3438,6
3439,9
3440,8
3441,8
3442,8
3443,8
3444,8
3445,8
3446,8
3447,8
3448,8
3449,9
3450,9
3451,9
3452,9
3453,8
3454,7
3455,8
3456,7
3457,7
3458,8
3459,8
3460,7
3461,7
3462,8
3463,7
3464,7
3465,7
3466,7
3467,7
3468,7
3469,7
3470,9
3471,9
3472,9
3473,8
3474,8
3475,8
3476,8
3477,8
3478,7
3479,7
3480,8
3481,8
3482,7
3483,7
3484,6
3485,8
3486,7
3487,8
3488,8
3489,7
3490,7
3491,8
3492,7
3493,7
3494,7
3495,8
3496,7
3497,6
3498,8
3499,8
3500,8
3501,9
3502,8
3503,7
3504,9
3505,9
3506,8
3507,8
3508,8
3509,8
3510,8
3511,8
3512,8
3513,8
3514,9
3515,9
3516,8
3517,8
3518,7
3519,8
3520,9
3521,8
3522,8
3523,8
3524,8
3525,8
3526,8
3527,8
3528,9
3529,9
3530,9
3531,7
3532,7
3533,8
3534,8
3535,8
3536,8
3537,9
3538,9
3539,8
3540,7
3541,9
3542,9
3543,7
3544,8
3545,8
3546,8
3547,8
3548,8
3549,8
3550,8
3551,8
3552,8
3553,8
3554,7
3555,7
3556,8
3557,7
3558,9
3559,9
3560,9
3561,8
3562,8
3563,7
3564,7
3565,9
3566,7
3567,9
3568,9
3569,9
3570,9
3571,8
3572,8
3573,8
3574,8
3575,8
3576,9
3577,9
3578,9
3579,8
3580,8
3581,7
3582,8
3583,9
3584,9
3585,9
3586,8
3587,8
3588,8
3589,8
3590,8
3591,7
3592,7
3593,8
3594,8
3595,8
3596,7
3597,8
3598,7
3599,9
3600,7
3601,7
3602,8
3603,8
3604,8
3605,6
3606,7
3607,7
3608,7
3609,7
3610,7
3611,7
3612,7
3613,7
3614,9
3615,9
3616,9
3617,9
3618,9
3619,9
3620,9
3621,9
3622,9
3623,8
3624,9
3625,7
3626,8
3627,8
3628,6
3629,7
3630,8
3631,8
3632,8
3633,8
3634,8
3635,7
3636,7
3637,7
3638,7
3639,6
3640,7
3641,7
3642,9
3643,8
3644,9
3645,8
3646,9
3647,9
3648,8
3649,9
3650,9
3651,8
3652,8
3653,7
3654,8
3655,8
3656,8
3657,9
3658,9
3659,9
3660,7
3661,7
3662,6
3663,9
3664,7
3665,6
3666,9
3667,7
3668,6
3669,9
3670,8
3671,8
3672,8
3673,8
3674,6
3675,9
3676,7
3677,8
3678,8
3679,6
3680,7
3681,9
3682,7
3683,8
3684,8
3685,9
3686,8
3687,7
3688,6
3689,8
3690,8
3691,8
3692,8
3693,8
3694,9
3695,8
3696,9
3697,9
3698,7
3699,7
3700,7
3701,8
3702,9
3703,9
3704,9
3705,7
3706,8
3707,8
3708,7
3709,8
3710,7
3711,7
3712,7
3713,7
3714,7
3715,7
3716,7
3717,7
3718,7
3719,7
3720,7
3721,9
3722,6
3723,6
3724,8
3725,8
3726,8
3727,8
3728,8
3729,9
3730,9
3731,8
3732,9
3733,9
3734,7
3735,7
3736,7
3737,9
3738,8
3739,8
3740,8
3741,8
3742,8
3743,8
3744,8
3745,8
3746,8
3747,8
3748,8
3749,8
3750,8
3751,8
3752,8
3753,8
3754,8
3755,8
3756,8
3757,8
3758,8
3759,8
3760,8
3761,8
3762,8
3763,9
3764,8
3765,9
3766,8
3767,8
3768,9
3769,8
3770,9
3771,7
3772,7
3773,8
3774,6
3775,9
3776,7
3777,7
3778,8
3779,8
3780,8
3781,8
3782,9
3783,9
3784,6
3785,9
3786,7
3787,7
3788,7
3789,8
3790,8
3791,8
3792,8
3793,8
3794,8
3795,8
3796,8
3797,8
3798,8
3799,8
3800,8
3801,7
3802,7
3803,8
3804,7
3805,8
3806,8
3807,7
3808,7
3809,8
3810,6
3811,8
3812,8
3813,7
3814,7
3815,7
3816,7
3817,8
3818,9
3819,8
3820,6
3821,8
3822,8
3823,9
3824,7
3825,6
3826,8
3827,7
3828,7
3829,8
3830,8
3831,9
3832,8
3833,8
3834,7
3835,7
3836,8
3837,8
3838,7
3839,9
3840,9
3841,9
3842,9
3843,9
3844,8
3845,9
3846,8
3847,8
3848,8
3849,6
3850,8
3851,8
3852,8
3853,8
3854,8
3855,8
3856,8
3857,8
3858,8
3859,8
3860,8
3861,8
3862,7
3863,7
3864,9
3865,8
3866,8
3867,9
3868,9
3869,9
3870,9
3871,8
3872,6
3873,6
3874,8
3875,8
3876,7
3877,7
3878,7
3879,6
3880,8
3881,9
3882,8
3883,7
3884,8
3885,8
3886,7
3887,7
3888,9
3889,8
3890,9
3891,9
3892,9
3893,8
3894,8
3895,8
3896,7
3897,9
3898,7
3899,7
3900,7
3901,8
3902,6
3903,6
3904,9
3905,9
3906,9
3907,8
3908,8
3909,8
3910,9
3911,8
3912,8
3913,8
3914,8
3915,9
3916,9
3917,8
3918,7
3919,7
3920,9
3921,7
3922,7
3923,8
3924,7
3925,6
3926,8
3927,8
3928,8
3929,8
3930,8
3931,8
3932,8
3933,8
3934,8
3935,8
3936,9
3937,9
3938,9
3939,8
3940,8
3941,8
3942,8
3943,8
3944,8
3945,8
3946,6
3947,7
3948,7
3949,7
3950,8
3951,8
3952,9
3953,8
3954,7
3955,7
3956,9
3957,7
3958,6
3959,6
3960,8
3961,8
3962,8
3963,8
3964,8
3965,9
3966,8
3967,7
3968,8
3969,8
3970,8
3971,8
3972,9
3973,8
3974,9
3975,7
3976,7
3977,7
3978,8
3979,6
3980,8
3981,8
3982,8
3983,7
3984,9
3985,9
3986,7
3987,7
3988,6
3989,8
3990,7
3991,8
3992,9
3993,9
3994,7
3995,8
3996,9
3997,8
3998,8
3999,8
4000,8
4001,8
4002,8
4003,7
4004,7
4005,7
4006,8
4007,8
4008,7
4009,9
4010,9
4011,9
4012,9
4013,9
4014,7
4015,7
4016,8
4017,9
4018,7
4019,7
4020,7
4021,7
4022,8
4023,8
4024,8
4025,8
4026,9
4027,8
4028,9
4029,9
4030,8
4031,8
4032,8
4033,8
4034,8
4035,8
4036,9
4037,9
4038,9
4039,9
4040,8
4041,8
4042,8
4043,8
4044,8
4045,8
4046,7
4047,8
4048,8
4049,9
4050,8
4051,8
4052,8
4053,9
4054,9
4055,8
4056,7
4057,8
4058,8
4059,9
4060,8
4061,8
4062,8
4063,8
4064,8
4065,7
4066,7
4067,8
4068,8
4069,9
4070,9
4071,9
4072,9
4073,9
4074,9
4075,8
4076,7
4077,7
4078,7
4079,7
4080,7
4081,8
4082,8
4083,8
4084,8
4085,9
4086,9
4087,7
4088,9
4089,9
4090,7
4091,9
4092,9
4093,9
4094,8
4095,9
4096,7
4097,8
4098,8
4099,7
4100,9
4101,8
4102,8
4103,8
4104,6
4105,6
4106,9
4107,9
4108,9
4109,9
4110,9
4111,8
4112,8
4113,7
4114,7
4115,7
4116,8
4117,8
4118,9
4119,9
4120,8
4121,9
4122,9
4123,9
4124,9
4125,8
4126,8
4127,8
4128,9
4129,8
4130,9
4131,9
4132,8
4133,8
4134,9
4135,9
4136,9
4137,8
4138,8
4139,8
4140,8
4141,8
4142,8
4143,6
4144,7
4145,7
4146,6
4147,9
4148,8
4149,8
4150,9
4151,7
4152,9
4153,8
4154,8
4155,7
4156,7
4157,7
4158,8
4159,8
4160,8
4161,8
4162,8
4163,7
4164,9
4165,7
4166,7
4167,7
4168,7
4169,7
4170,7
4171,7
4172,9
4173,9
4174,9
4175,8
4176,8
4177,6
4178,9
4179,8
4180,9
4181,8
4182,8
4183,9
4184,7
4185,9
4186,9
4187,9
4188,9
4189,9
4190,8
4191,8
4192,8
4193,8
4194,8
4195,8
4196,8
4197,8
4198,8
4199,8
4200,8
4201,8
4202,8
4203,8
4204,9
4205,8
4206,9
4207,9
4208,9
4209,9
4210,9
4211,8
4212,8
4213,8
4214,9
4215,9
4216,9
4217,8
4218,8
4219,8
4220,8
4221,8
4222,8
4223,7
4224,8
4225,9
4226,9
4227,9
4228,8
4229,9
4230,9
4231,8
4232,8
4233,7
4234,7
4235,8
4236,8
4237,9
4238,8
4239,8
4240,8
4241,8
4242,8
4243,8
4244,8
4245,8
4246,8
4247,7
4248,7
4249,7
4250,7
4251,8
4252,7
4253,7
4254,8
4255,9
4256,9
4257,9
4258,9
4259,8
4260,8
4261,8
4262,8
4263,8
4264,8
4265,8
4266,8
4267,8
4268,8
4269,8
4270,8
4271,9
4272,9
4273,8
4274,8
4275,8
4276,8
4277,8
4278,9
4279,8
4280,8
4281,8
4282,7
4283,7
4284,7
4285,7
4286,7
4287,8
4288,7
4289,7
4290,8
4291,8
4292,7
4293,9
4294,9
4295,9
4296,9
4297,9
4298,9
4299,9
4300,9
4301,9
4302,7
4303,7
4304,7
4305,7
4306,7
4307,6
4308,6
4309,9
4310,9
4311,9
4312,8
4313,6
4314,6
4315,6
4316,6
4317,6
4318,8
4319,8
4320,7
4321,7
4322,6
4323,7
4324,7
4325,9
4326,8
4327,6
4328,8
4329,8
4330,8
4331,8
4332,8
4333,8
4334,8
4335,7
4336,7
4337,7
4338,7
4339,7
4340,7
4341,7
4342,7
4343,7
4344,7
4345,7
4346,7
4347,7
4348,8
4349,8
4350,8
4351,8
4352,8
4353,8
4354,9
4355,9
4356,9
4357,9
4358,7
4359,8
4360,8
4361,8
4362,8
4363,8
4364,8
4365,8
4366,8
4367,8
4368,8
4369,8
4370,8
4371,8
4372,8
4373,8
4374,8
4375,8
4376,8
4377,8
4378,8
4379,8
4380,8
4381,7
4382,8
4383,7
4384,7
4385,7
4386,6
4387,9
4388,9
4389,9
4390,9
4391,9
4392,9
4393,9
4394,9
4395,9
4396,9
4397,8
4398,8
4399,6
4400,8
4401,8
4402,8
4403,8
4404,8
4405,8
4406,8
4407,8
4408,8
4409,8
4410,8
4411,8
4412,8
4413,8
4414,8
4415,8
4416,9
4417,9
4418,9
4419,9
4420,8
4421,8
4422,8
4423,8
4424,9
4425,8
4426,6
4427,6
4428,6
4429,8
4430,8
4431,8
4432,8
4433,7
4434,9
4435,9
4436,7
4437,7
4438,7
4439,7
4440,7
4441,7
4442,7
4443,7
4444,7
4445,7
4446,9
4447,9
4448,9
4449,7
4450,7
4451,7
4452,8
4453,7
4454,9
4455,8
4456,8
4457,8
4458,9
4459,7
4460,9
4461,8
4462,8
4463,9
4464,8
4465,8
4466,8
4467,8
4468,7
4469,8
4470,9
4471,9
4472,7
4473,8
4474,9
4475,8
4476,8
4477,7
4478,9
4479,9
4480,8
4481,9
4482,9
4483,9
4484,8
4485,8
4486,8
4487,7
4488,7
4489,7
4490,7
4491,7
4492,7
4493,7
4494,7
4495,9
4496,9
4497,9
4498,9
4499,9
4500,8
4501,8
4502,8
4503,8
4504,8
4505,8
4506,8
4507,8
4508,8
4509,9
4510,9
4511,6
4512,8
4513,8
4514,7
4515,9
4516,8
4517,8
4518,8
4519,7
4520,7
4521,9
4522,9
4523,9
4524,9
4525,9
4526,9
4527,9
4528,7
4529,7
4530,8
4531,8
4532,8
4533,8
4534,7
4535,9
4536,8
4537,6
4538,9
4539,9
4540,7
4541,7
4542,7
4543,7
4544,7
4545,7
4546,7
4547,7
4548,7
4549,8
4550,7
4551,7
4552,7
4553,7
4554,7
4555,9
4556,7
4557,9
4558,7
4559,8
4560,8
4561,9
4562,9
4563,9
4564,9
4565,9
4566,8
4567,8
4568,8
4569,8
4570,8
4571,9
4572,8
4573,8
4574,9
4575,9
4576,8
4577,6
4578,7
4579,7
4580,7
4581,7
4582,8
4583,7
4584,8
4585,7
4586,8
4587,8
4588,8
4589,7
4590,8
4591,8
4592,8
4593,9
4594,8
4595,8
4596,8
4597,8
4598,8
4599,8
4600,7
4601,8
4602,7
4603,8
4604,7
4605,9
4606,8
4607,8
4608,8
4609,8
4610,6
4611,9
4612,7
4613,7
4614,8
4615,8
4616,6
4617,6
4618,9
4619,8
4620,8
4621,8
4622,9
4623,9
4624,9
4625,9
4626,9
4627,9
4628,7
4629,8
4630,9
4631,8
4632,7
4633,7
4634,6
4635,6
4636,6
4637,7
4638,8
4639,8
4640,7
4641,9
4642,7
4643,8
4644,8
4645,8
4646,8
4647,8
4648,8
4649,7
4650,7
4651,8
4652,9
4653,7
4654,7
4655,8
4656,7
4657,8
4658,8
4659,7
4660,7
4661,7
4662,7
4663,8
4664,8
4665,7
4666,8
4667,9
4668,7
4669,7
4670,8
4671,6
4672,8
4673,7
4674,7
4675,8
4676,8
4677,8
4678,8
4679,8
4680,8
4681,9
4682,9
4683,9
4684,8
4685,9
4686,9
4687,9
4688,9
4689,9
4690,9
4691,6
4692,8
4693,9
4694,8
4695,6
4696,6
4697,9
4698,9
4699,9
4700,9
4701,9
4702,8
4703,9
4704,8
4705,8
4706,8
4707,8
4708,8
4709,8
4710,7
4711,8
4712,8
4713,9
4714,9
4715,9
4716,7
4717,7
4718,7
4719,7
4720,7
4721,7
4722,7
4723,7
4724,7
4725,7
4726,7
4727,7
4728,7
4729,7
4730,7
4731,7
4732,7
4733,7
4734,7
4735,7
4736,7
4737,7
4738,7
4739,8
4740,8
4741,6
4742,6
4743,6
4744,6
4745,8
4746,7
4747,7
4748,7
4749,9
4750,9
4751,9
4752,7
4753,7
4754,8
4755,9
4756,8
4757,7
4758,7
4759,7
4760,6
4761,6
4762,8
4763,9
4764,9
4765,9
4766,9
4767,9
4768,9
4769,9
4770,9
4771,9
4772,8
4773,8
4774,8
4775,8
4776,8
4777,9
4778,9
4779,9
4780,9
4781,9
4782,8
4783,7
4784,9
4785,7
4786,8
4787,8
4788,8
4789,9
4790,7
4791,7
4792,7
4793,8
4794,8
4795,8
4796,7
4797,7
4798,6
4799,9
4800,9
4801,9
4802,8
4803,8
4804,8
4805,8
4806,7
4807,7
4808,7
4809,7
4810,7
4811,9
4812,7
4813,7
4814,6
4815,9
4816,7
4817,7
4818,7
4819,9
4820,7
4821,8
4822,8
4823,8
4824,6
4825,8
4826,9
4827,8
4828,8
4829,9
4830,9
4831,6
4832,7
4833,7
4834,7
4835,7
4836,7
4837,7
4838,7
4839,7
4840,9
4841,9
4842,9
4843,9
4844,9
4845,9
4846,9
4847,9
4848,9
4849,6
4850,6
4851,9
4852,9
4853,9
4854,9
4855,9
4856,8
4857,8
4858,7
4859,7
4860,7
4861,7
4862,7
4863,7
4864,8
4865,8
4866,8
4867,8
4868,8
4869,9
4870,8
4871,9
4872,9
4873,9
4874,8
4875,9
4876,9
4877,7
4878,9
4879,9
4880,9
4881,6
4882,7
4883,8
4884,8
4885,8
4886,9
4887,9
4888,8
4889,7
4890,7
4891,7
4892,7
4893,8
4894,8
4895,8
4896,7
4897,8
4898,9
4899,8
4900,8
4901,7
4902,6
4903,6
4904,9
4905,9
4906,9
4907,9
4908,9
4909,7
4910,9
4911,7
4912,9
4913,9
4914,8
4915,8
4916,9
4917,9
4918,7
4919,9
4920,8
4921,8
4922,9
4923,9
4924,9
4925,9
4926,9
4927,9
4928,8
4929,8
4930,8
4931,8
4932,8
4933,8
4934,9
4935,7
4936,7
4937,8
4938,8
4939,9
4940,6
4941,7
4942,7
4943,8
4944,8
4945,7
4946,8
4947,8
4948,7
4949,9
4950,7
4951,8
4952,7
4953,7
4954,7
4955,7
4956,7
4957,8
4958,8
4959,8
4960,8
4961,7
4962,8
4963,7
4964,7
4965,7
4966,8
4967,8
4968,8
4969,8
4970,8
4971,7
4972,7
4973,9
4974,8
4975,8
4976,7
4977,9
4978,9
4979,8
4980,8
4981,8
4982,8
4983,8
4984,8
4985,8
4986,8
4987,8
4988,8
4989,8
4990,9
4991,9
4992,9
4993,9
4994,9
4995,9
4996,9
4997,9
4998,9
4999,9
5000,9
5001,9
5002,9
5003,9
5004,9
5005,9
5006,9
5007,9
5008,9
5009,9
5010,9
5011,9
5012,9
5013,9
5014,8
5015,8
5016,8
5017,8
5018,7
5019,8
5020,9
5021,9
5022,9
5023,9
5024,8
5025,9
5026,9
5027,9
5028,8
5029,8
5030,8
5031,9
5032,8
5033,9
5034,9
5035,8
5036,7
5037,7
5038,8
5039,9
5040,9
5041,8
5042,9
5043,8
5044,9
5045,9
5046,8
5047,9
5048,7
5049,6
5050,8
5051,9
5052,7
5053,7
5054,7
5055,8
5056,8
5057,9
5058,9
5059,9
5060,9
5061,9
5062,7
5063,6
5064,8
5065,7
5066,7
5067,8
5068,8
5069,8
5070,8
5071,8
5072,7
5073,7
5074,8
5075,9
5076,7
5077,9
5078,9
5079,7
5080,8
5081,9
5082,9
5083,7
5084,7
5085,8
5086,9
5087,8
5088,9
5089,9
5090,9
5091,7
5092,7
5093,9
5094,7
5095,8
5096,7
5097,7
5098,9
5099,8
5100,7
5101,8
5102,8
5103,8
5104,8
5105,8
5106,9
5107,7
5108,8
5109,8
5110,6
5111,6
5112,8
5113,8
5114,8
5115,8
5116,8
5117,8
5118,8
5119,8
5120,7
5121,9
5122,8
5123,8
5124,8
5125,6
5126,6
5127,6
5128,6
5129,8
5130,6
5131,6
5132,6
5133,6
5134,6
5135,6
5136,6
5137,6
5138,6
5139,6
5140,6
5141,6
5142,6
5143,6
5144,6
5145,6
5146,6
5147,6
5148,6
5149,6
5150,6
5151,6
5152,6
5153,9
5154,9
5155,9
5156,8
5157,8
5158,7
5159,8
5160,8
5161,8
5162,8
5163,8
5164,8
5165,9
5166,9
5167,7
5168,7
5169,7
5170,7
5171,6
5172,8
5173,8
5174,9
5175,8
5176,6
5177,6
5178,7
5179,8
5180,7
5181,7
5182,6
5183,8
5184,8
5185,8
5186,8
5187,8
5188,8
5189,7
5190,9
5191,8
5192,9
5193,8
5194,8
5195,9
5196,8
5197,8
5198,7
5199,7
5200,8
5201,8
5202,9
5203,9
5204,8
5205,8
5206,6
5207,7
5208,7
5209,7
5210,8
5211,8
5212,8
5213,8
5214,8
5215,9
5216,9
5217,6
5218,9
5219,9
5220,9
5221,9
5222,9
5223,9
5224,9
5225,9
5226,6
5227,6
5228,6
5229,6
5230,9
5231,7
5232,7
5233,9
5234,9
5235,8
5236,9
5237,9
5238,9
5239,9
5240,9
5241,9
5242,9
5243,9
5244,9
5245,9
5246,8
5247,9
5248,8
5249,9
5250,9
5251,8
5252,8
5253,8
5254,8
5255,8
5256,6
5257,7
5258,9
5259,8
5260,9
5261,7
5262,7
5263,8
5264,7
5265,8
5266,8
5267,9
5268,7
5269,6
5270,8
5271,8
5272,9
5273,8
5274,8
5275,7
5276,7
5277,6
5278,6
5279,6
5280,8
5281,8
5282,8
5283,7
5284,7
5285,8
5286,8
5287,7
5288,7
5289,9
5290,9
5291,9
5292,9
5293,9
5294,9
5295,8
5296,8
5297,7
5298,8
5299,8
5300,8
5301,8
5302,8
5303,9
5304,9
5305,9
5306,9
5307,9
5308,9
5309,8
5310,8
5311,7
5312,8
5313,8
5314,8
5315,7
5316,7
5317,9
5318,9
5319,9
5320,8
5321,9
5322,7
5323,7
5324,7
5325,7
5326,9
5327,9
5328,9
5329,9
5330,9
5331,9
5332,8
5333,9
5334,9
5335,7
5336,7
5337,8
5338,9
5339,8
5340,7
5341,8
5342,8
5343,6
5344,7
5345,7
5346,9
5347,9
5348,6
5349,6
5350,6
5351,7
5352,6
5353,6
5354,6
5355,7
5356,7
5357,7
5358,7
5359,9
5360,9
5361,8
5362,8
5363,9
5364,9
5365,8
5366,8
5367,8
5368,6
5369,6
5370,8
5371,8
5372,8
5373,8
5374,8
5375,8
5376,6
5377,7
5378,7
5379,7
5380,7
5381,8
5382,9
5383,7
5384,7
5385,8
5386,8
5387,8
5388,7
5389,9
5390,8
5391,7
5392,9
5393,7
5394,9
5395,9
5396,9
5397,9
5398,8
5399,7
5400,9
5401,9
5402,9
5403,9
5404,9
5405,9
5406,7
5407,7
5408,8
5409,9
5410,9
5411,8
5412,8
5413,8
5414,8
5415,9
5416,7
5417,7
5418,7
5419,8
5420,8
5421,8
5422,8
5423,8
5424,8
5425,8
5426,8
5427,8
5428,8
5429,8
5430,8
5431,7
5432,7
5433,7
5434,8
5435,8
5436,8
5437,8
5438,9
5439,9
5440,8
5441,8
5442,8
5443,7
5444,7
5445,7
5446,8
5447,7
5448,8
5449,8
5450,7
5451,8
5452,8
5453,8
5454,8
5455,9
5456,8
5457,9
5458,6
5459,8
5460,8
5461,7
5462,7
5463,9
5464,9
5465,9
5466,9
5467,8
5468,8
5469,9
5470,7
5471,9
5472,8
5473,7
5474,7
5475,7
5476,7
5477,9
5478,9
5479,8
5480,9
5481,9
5482,6
5483,8
5484,9
5485,7
5486,8
5487,8
5488,8
5489,6
5490,6
5491,8
5492,8
5493,8
5494,8
5495,8
5496,8
5497,9
5498,9
5499,9
5500,9
5501,9
5502,9
5503,9
5504,9
5505,9
5506,9
5507,9
5508,9
5509,9
5510,9
5511,9
5512,9
5513,9
5514,9
5515,9
5516,9
5517,9
5518,9
5519,7
5520,8
5521,7
5522,8
5523,6
5524,8
5525,9
5526,9
5527,9
5528,6
5529,8
5530,7
5531,9
5532,9
5533,9
5534,9
5535,9
5536,8
5537,7
5538,8
5539,9
5540,8
5541,9
5542,9
5543,9
5544,8
5545,8
5546,8
5547,8
5548,7
5549,8
5550,8
5551,8
5552,8
5553,6
5554,8
5555,8
5556,9
5557,7
5558,8
5559,7
5560,8
5561,8
5562,8
5563,8
5564,8
5565,8
5566,8
5567,8
5568,8
5569,8
5570,9
5571,9
5572,9
5573,9
5574,9
5575,9
5576,9
5577,9
5578,9
5579,8
5580,9
5581,9
5582,8
5583,7
5584,9
5585,9
5586,9
5587,9
5588,9
5589,7
5590,8
5591,8
5592,8
5593,8
5594,7
5595,8
5596,8
5597,7
5598,7
5599,8
5600,8
5601,9
5602,6
5603,7
5604,7
5605,8
5606,7
5607,8
5608,7
5609,7
5610,7
5611,7
5612,9
5613,8
5614,7
5615,8
5616,8
5617,8
5618,7
5619,8
5620,7
5621,8
5622,9
5623,6
5624,6
5625,6
5626,9
5627,7
5628,8
5629,8
5630,9
5631,9
5632,7
5633,7
5634,8
5635,8
5636,9
5637,9
5638,9
5639,9
5640,8
5641,9
5642,7
5643,7
5644,7
5645,9
5646,8
5647,8
5648,9
5649,9
5650,8
5651,8
5652,8
5653,8
5654,8
5655,8
5656,9
5657,8
5658,6
5659,7
5660,8
5661,8
5662,9
5663,8
5664,8
5665,7
5666,9
5667,9
5668,9
5669,7
5670,8
5671,8
5672,9
5673,8
5674,7
5675,9
5676,8
5677,7
5678,9
5679,9
5680,9
5681,9
5682,9
5683,9
5684,8
5685,7
5686,8
5687,7
5688,7
5689,8
5690,8
5691,7
5692,9
5693,9
5694,7
5695,7
5696,8
5697,8
5698,9
5699,9
5700,9
5701,9
5702,7
5703,7
5704,7
5705,7
5706,7
5707,9
5708,8
5709,8
5710,9
5711,9
5712,9
5713,8
5714,7
5715,6
5716,8
5717,9
5718,9
5719,9
5720,9
5721,8
5722,7
5723,6
5724,9
5725,9
5726,8
5727,7
5728,8
5729,8
5730,7
5731,7
5732,9
5733,8
5734,9
5735,9
5736,9
5737,7
5738,7
5739,8
5740,9
5741,8
5742,8
5743,8
5744,8
5745,6
5746,6
5747,6
5748,8
5749,8
5750,9
5751,7
5752,7
5753,8
5754,8
5755,8
5756,8
5757,8
5758,8
5759,8
5760,8
5761,8
5762,7
5763,7
5764,7
5765,6
5766,6
5767,9
5768,9
5769,7
5770,9
5771,9
5772,8
5773,8
5774,8
5775,8
5776,6
5777,8
5778,8
5779,9
5780,8
5781,8
5782,8
5783,8
5784,8
5785,7
5786,9
5787,9
5788,9
5789,8
5790,8
5791,8
5792,8
5793,8
5794,8
5795,8
5796,8
5797,9
5798,9
5799,8
5800,9
5801,9
5802,9
5803,9
5804,9
5805,9
5806,9
5807,9
5808,9
5809,9
5810,8
5811,8
5812,7
5813,7
5814,9
5815,9
5816,9
5817,9
5818,9
5819,7
5820,8
5821,8
5822,9
5823,9
5824,8
5825,9
5826,8
5827,7
5828,8
5829,7
5830,7
5831,9
5832,9
5833,8
5834,8
5835,7
5836,8
5837,9
5838,6
5839,9
5840,7
5841,7
5842,8
5843,7
5844,7
5845,8
5846,7
5847,7
5848,7
5849,7
5850,8
5851,8
5852,8
5853,8
5854,8
5855,8
5856,8
5857,8
5858,8
5859,8
5860,8
5861,8
5862,8
5863,7
5864,8
5865,8
5866,8
5867,8
5868,9
5869,8
5870,8
5871,8
5872,8
5873,8
5874,8
5875,6
5876,8
5877,6
5878,6
5879,8
5880,7
5881,8
5882,9
5883,9
5884,9
5885,9
5886,9
5887,8
5888,8
5889,8
5890,8
5891,8
5892,8
5893,7
5894,8
5895,8
5896,8
5897,8
5898,9
5899,9
5900,9
5901,9
5902,9
5903,9
5904,9
5905,9
5906,9
5907,9
5908,9
5909,9
5910,9
5911,9
5912,9
5913,9
5914,9
5915,9
5916,9
5917,9
5918,8
5919,9
5920,9
5921,9
5922,9
5923,9
5924,8
5925,8
5926,9
5927,8
5928,9
5929,8
5930,7
5931,7
5932,7
5933,7
5934,7
5935,8
5936,9
5937,7
5938,9
5939,7
5940,7
5941,7
5942,7
5943,7
5944,9
5945,7
5946,9
5947,9
5948,9
5949,9
5950,9
5951,9
5952,9
5953,9
5954,9
5955,9
5956,9
5957,9
5958,9
5959,9
5960,9
5961,9
5962,9
5963,9
5964,9
5965,9
5966,9
5967,9
5968,8
5969,8
5970,8
5971,8
5972,8
5973,8
5974,9
5975,9
5976,8
5977,8
5978,6
5979,6
5980,6
5981,6
5982,8
5983,9
5984,8
5985,7
5986,6
5987,8
5988,8
5989,9
5990,9
5991,7
5992,8
5993,8
5994,8
5995,8
5996,8
5997,8
5998,7
5999,6
6000,8
6001,7
6002,7
6003,7
6004,7
6005,7
6006,7
6007,7
6008,7
6009,7
6010,7
6011,9
6012,9
6013,9
6014,9
6015,9
6016,9
6017,9
6018,9
6019,8
6020,9
6021,9
6022,9
6023,8
6024,7
6025,7
6026,7
6027,8
6028,7
6029,7
6030,7
6031,6
6032,8
6033,7
6034,9
6035,9
6036,7
6037,8
6038,9
6039,9
6040,8
6041,7
6042,8
6043,8
6044,9
6045,9
6046,6
6047,7
6048,6
6049,7
6050,7
6051,7
6052,7
6053,6
6054,9
6055,9
6056,7
6057,7
6058,6
6059,9
6060,8
6061,8
6062,9
6063,8
6064,8
6065,9
6066,9
6067,9
6068,9
6069,8
6070,9
6071,8
6072,8
6073,8
6074,8
6075,8
6076,7
6077,9
6078,9
6079,8
6080,7
6081,8
6082,9
6083,7
6084,7
6085,9
6086,9
6087,7
6088,7
6089,7
6090,7
6091,7
6092,8
6093,9
6094,8
6095,8
6096,7
6097,8
6098,8
6099,8
6100,8
6101,7
6102,7
6103,8
6104,9
6105,7
6106,8
6107,8
6108,8
6109,9
6110,8
6111,8
6112,8
6113,8
6114,9
6115,9
6116,9
6117,9
6118,9
6119,9
6120,8
6121,9
6122,9
6123,9
6124,9
6125,9
6126,9
6127,9
6128,9
6129,9
6130,9
6131,9
6132,9
6133,8
6134,8
6135,7
6136,7
6137,7
6138,7
6139,7
6140,7
6141,7
6142,7
6143,8
6144,8
6145,8
6146,8
6147,8
6148,8
6149,8
6150,7
6151,7
6152,8
6153,9
6154,7
6155,6
6156,9
6157,7
6158,7
6159,7
6160,8
6161,8
6162,7
6163,8
6164,8
6165,9
6166,9
6167,9
6168,9
6169,9
6170,8
6171,7
6172,7
6173,7
6174,7
6175,7
6176,7
6177,8
6178,9
6179,8
6180,9
6181,9
6182,9
6183,9
6184,9
6185,8
6186,7
6187,7
6188,8
6189,8
6190,9
6191,7
6192,7
6193,8
6194,7
6195,7
6196,8
6197,8
6198,8
6199,7
6200,9
6201,8
6202,7
6203,9
6204,9
6205,9
6206,9
6207,9
6208,9
6209,9
6210,9
6211,8
6212,9
6213,9
6214,9
6215,9
6216,9
6217,9
6218,9
6219,9
6220,9
6221,9
6222,9
6223,9
6224,9
6225,9
6226,9
6227,9
6228,9
6229,9
6230,9
6231,9
6232,9
6233,9
6234,9
6235,9
6236,9
6237,9
6238,9
6239,9
6240,9
6241,9
6242,9
6243,9
6244,9
6245,9
6246,9
6247,9
6248,9
6249,8
6250,8
6251,7
6252,9
6253,9
6254,8
6255,8
6256,7
6257,7
6258,7
6259,6
6260,6
6261,7
6262,9
6263,8
6264,9
6265,9
6266,9
6267,9
6268,8
6269,8
6270,7
6271,9
6272,8
6273,7
6274,6
6275,6
6276,8
6277,8
6278,8
6279,8
6280,9
6281,9
6282,9
6283,9
6284,9
6285,9
6286,9
6287,9
6288,9
6289,9
6290,9
6291,7
6292,7
6293,9
6294,7
6295,9
6296,9
6297,9
6298,7
6299,7
6300,7
6301,6
6302,6
6303,9
6304,6
6305,8
6306,7
6307,8
6308,9
6309,8
6310,8
6311,8
6312,9
6313,8
6314,6
6315,6
6316,8
6317,8
6318,8
6319,8
6320,8
6321,8
6322,8
6323,8
6324,7
6325,7
6326,7
6327,9
6328,9
6329,9
6330,9
6331,9
6332,9
6333,9
6334,9
6335,7
6336,7
6337,8
6338,8
6339,6
6340,9
6341,9
6342,9
6343,9
6344,9
6345,9
6346,9
6347,9
6348,7
6349,9
6350,8
6351,9
6352,7
6353,7
6354,8
6355,8
6356,7
6357,7
6358,7
6359,7
6360,7
6361,7
6362,7
6363,7
6364,7
6365,7
6366,7
6367,7
6368,7
6369,7
6370,7
6371,7
6372,7
6373,7
6374,7
6375,7
6376,7
6377,7
6378,7
6379,7
6380,9
6381,9
6382,8
6383,8
6384,8
6385,9
6386,8
6387,8
6388,7
6389,7
6390,8
6391,7
6392,9
6393,9
6394,9
6395,9
6396,9
6397,9
6398,9
6399,9
6400,7
6401,7
6402,8
6403,8
6404,7
6405,8
6406,8
6407,9
6408,8
6409,8
6410,8
6411,8
6412,8
6413,8
6414,8
6415,9
6416,9
6417,9
6418,9
6419,9
6420,9
6421,9
6422,9
6423,9
6424,9
6425,9
6426,8
6427,8
6428,8
6429,7
6430,8
6431,7
6432,8
6433,7
6434,7
6435,9
6436,9
6437,7
6438,7
6439,9
6440,7
6441,8
6442,8
6443,9
6444,9
6445,9
6446,9
6447,9
6448,9
6449,8
6450,8
6451,9
6452,8
6453,6
6454,6
6455,7
6456,7
6457,7
6458,8
6459,8
6460,9
6461,9
6462,8
6463,8
6464,8
6465,7
6466,8
6467,9
6468,8
6469,9
6470,9
6471,9
6472,8
6473,9
6474,8
6475,8
6476,7
6477,7
6478,7
6479,7
6480,8
6481,8
6482,8
6483,8
6484,7
6485,8
6486,8
6487,9
6488,9
6489,9
6490,8
6491,8
6492,8
6493,8
6494,9
6495,8
6496,8
6497,8
6498,6
6499,6
6500,6
6501,6
6502,6
6503,8
6504,8
6505,7
6506,8
6507,7
6508,7
6509,7
6510,7
6511,7
6512,8
6513,7
6514,8
6515,7
6516,7
6517,8
6518,9
6519,9
6520,9
6521,7
6522,9
6523,9
6524,7
6525,9
6526,8
6527,9
6528,9
6529,9
6530,9
6531,9
6532,8
6533,6
6534,7
6535,6
6536,8
6537,8
6538,8
6539,8
6540,8
6541,7
6542,7
6543,7
6544,7
6545,9
6546,9
6547,9
6548,9
6549,9
6550,9
6551,9
6552,9
6553,9
6554,9
6555,9
6556,9
6557,9
6558,9
6559,9
6560,9
6561,9
6562,9
6563,9
6564,9
6565,9
6566,9
6567,9
6568,9
6569,9
6570,9
6571,9
6572,9
6573,9
6574,9
6575,9
6576,9
6577,9
6578,8
6579,8
6580,8
6581,8
6582,7
6583,9
6584,8
6585,7
6586,7
6587,8
6588,7
6589,8
6590,8
6591,8
6592,8
6593,8
6594,9
6595,7
6596,8
6597,8
6598,7
6599,8
6600,7
6601,7
6602,8
6603,8
6604,9
6605,7
6606,7
6607,7
6608,8
6609,8
6610,7
6611,8
6612,7
6613,7
6614,8
6615,8
6616,7
6617,8
6618,7
6619,8
6620,7
6621,9
6622,9
6623,9
6624,9
6625,9
6626,9
6627,9
6628,7
6629,8
6630,8
6631,9
6632,9
6633,9
6634,9
6635,9
6636,8
6637,7
6638,8
6639,8
6640,8
6641,7
6642,7
6643,7
6644,7
6645,8
6646,7
6647,7
6648,9
6649,9
6650,9
6651,9
6652,9
6653,9
6654,9
6655,9
6656,9
6657,9
6658,9
6659,8
6660,8
6661,7
6662,7
6663,7
6664,8
6665,8
6666,8
6667,8
6668,8
6669,9
6670,9
6671,8
6672,7
6673,7
6674,8
6675,8
6676,9
6677,9
6678,9
6679,9
6680,9
6681,6
6682,8
6683,8
6684,9
6685,9
6686,8
6687,9
6688,8
6689,8
6690,9
6691,8
6692,8
6693,8
6694,8
6695,8
6696,9
6697,9
6698,7
6699,6
6700,6
6701,9
6702,8
6703,8
6704,7
6705,7
6706,8
6707,7
6708,8
6709,7
6710,8
6711,8
6712,9
6713,8
6714,7
6715,8
6716,8
6717,8
6718,9
6719,8
6720,8
6721,8
6722,8
6723,9
6724,9
6725,9
6726,7
6727,6
6728,9
6729,9
6730,8
6731,9
6732,7
6733,6
6734,8
6735,7
6736,7
6737,8
6738,8
6739,7
6740,8
6741,8
6742,7
6743,7
6744,8
6745,8
6746,8
6747,8
6748,8
6749,9
6750,8
6751,8
6752,9
6753,6
6754,8
6755,8
6756,7
6757,9
6758,7
6759,8
6760,9
6761,9
6762,9
6763,8
6764,8
6765,9
6766,9
6767,9
6768,9
6769,9
6770,6
6771,7
6772,8
6773,8
6774,8
6775,9
6776,9
6777,6
6778,9
6779,9
6780,8
6781,8
6782,8
6783,9
6784,9
6785,9
6786,8
6787,7
6788,7
6789,7
6790,8
6791,8
6792,8
6793,8
6794,8
6795,8
6796,8
6797,8
6798,8
6799,6
6800,6
6801,8
6802,7
6803,7
6804,8
6805,8
6806,8
6807,8
6808,8
6809,7
6810,7
6811,7
6812,8
6813,8
6814,8
6815,6
6816,6
6817,8
6818,8
6819,8
6820,9
6821,7
6822,8
6823,8
6824,9
6825,8
6826,7
6827,9
6828,8
6829,9
6830,9
6831,9
6832,9
6833,9
6834,9
6835,9
6836,9
6837,9
6838,9
6839,9
6840,9
6841,9
6842,9
6843,8
6844,8
6845,8
6846,8
6847,8
6848,8
6849,8
6850,8
6851,8
6852,8
6853,8
6854,8
6855,8
6856,9
6857,9
6858,8
6859,8
6860,7
6861,7
6862,7
6863,7
6864,7
6865,7
6866,7
6867,9
6868,9
6869,8
6870,9
6871,8
6872,9
6873,9
6874,9
6875,8
6876,7
6877,7
6878,7
6879,8
6880,8
6881,8
6882,8
6883,8
6884,8
6885,8
6886,9
6887,9
6888,9
6889,8
6890,8
6891,9
6892,8
6893,9
6894,8
6895,9
6896,7
6897,9
6898,8
6899,7
6900,7
6901,9
6902,9
6903,9
6904,8
6905,8
6906,8
6907,9
6908,9
6909,8
6910,8
6911,8
6912,8
6913,7
6914,8
6915,8
6916,8
6917,7
6918,8
6919,9
6920,8
6921,8
6922,9
6923,9
6924,6
6925,7
6926,8
6927,8
6928,7
6929,8
6930,8
6931,9
6932,9
6933,7
6934,8
6935,8
6936,9
6937,7
6938,8
6939,9
6940,8
6941,9
6942,8
6943,8
6944,9
6945,8
6946,8
6947,8
6948,8
6949,7
6950,8
6951,8
6952,7
6953,8
6954,9
6955,9
6956,7
6957,9
6958,9
6959,9
6960,9
6961,9
6962,9
6963,9
6964,7
6965,7
6966,7
6967,8
6968,7
6969,9
6970,8
6971,8
6972,8
6973,8
6974,8
6975,9
6976,8
6977,9
6978,8
6979,7
6980,7
6981,8
6982,9
6983,9
6984,8
6985,9
6986,8
6987,9
6988,8
6989,8
6990,9
6991,9
6992,7
6993,9
6994,9
6995,8
6996,9
6997,7
6998,7
6999,8
7000,8
7001,7
7002,7
7003,6
7004,8
7005,8
7006,8
7007,9
7008,8
7009,7
7010,7
7011,9
7012,9
7013,9
7014,8
7015,9
7016,9
7017,9
7018,8
7019,8
7020,8
7021,8
7022,8
7023,8
7024,8
7025,8
7026,8
7027,8
7028,8
7029,8
7030,8
7031,8
7032,7
7033,7
7034,9
7035,8
7036,8
7037,7
7038,7
7039,9
7040,8
7041,7
7042,7
7043,9
7044,9
7045,9
7046,8
7047,8
7048,8
7049,9
7050,9
7051,8
7052,9
7053,9
7054,9
7055,6
7056,8
7057,8
7058,7
7059,8
7060,9
7061,9
7062,9
7063,6
7064,8
7065,8
7066,9
7067,8
7068,7
7069,7
7070,7
7071,7
7072,7
7073,9
7074,8
7075,6
7076,8
7077,8
7078,8
7079,8
7080,8
7081,8
7082,7
7083,8
7084,8
7085,6
7086,8
7087,6
7088,6
7089,8
7090,8
7091,8
7092,8
7093,8
7094,9
7095,7
7096,7
7097,7
7098,7
7099,7
7100,7
7101,7
7102,7
7103,7
7104,7
7105,7
7106,7
7107,8
7108,8
7109,8
7110,8
7111,9
7112,8
7113,9
7114,9
7115,9
7116,7
7117,9
7118,8
7119,8
7120,8
7121,8
7122,8
7123,8
7124,7
7125,9
7126,7
7127,7
7128,9
7129,8
7130,8
7131,8
7132,8
7133,8
7134,6
7135,6
7136,8
7137,7
7138,8
7139,7
7140,7
7141,9
7142,9
7143,9
7144,8
7145,8
7146,9
7147,8
7148,8
7149,8
7150,8
7151,8
7152,8
7153,8
7154,8
7155,8
7156,8
7157,8
7158,8
7159,8
7160,8
7161,8
7162,8
7163,8
7164,8
7165,8
7166,8
7167,8
7168,8
7169,8
7170,8
7171,8
7172,8
7173,8
7174,8
7175,8
7176,8
7177,8
7178,8
7179,8
7180,8
7181,8
7182,8
7183,8
7184,8
7185,8
7186,8
7187,8
7188,8
7189,8
7190,8
7191,8
7192,8
7193,8
7194,8
7195,8
7196,8
7197,8
7198,8
7199,8
7200,8
7201,8
7202,8
7203,8
7204,8
7205,8
7206,8
7207,8
7208,8
7209,8
7210,8
7211,8
7212,8
7213,8
7214,8
7215,8
7216,8
7217,8
7218,8
7219,8
7220,8
7221,8
7222,8
7223,8
7224,8
7225,8
7226,8
7227,8
7228,8
7229,8
7230,8
7231,8
7232,8
7233,8
7234,8
7235,8
7236,8
7237,8
7238,8
7239,8
7240,8
7241,8
7242,8
7243,8
7244,8
7245,8
7246,8
7247,8
7248,8
7249,8
7250,8
7251,8
7252,8
7253,8
7254,8
7255,8
7256,8
7257,8
7258,8
7259,8
7260,8
7261,9
7262,9
7263,8
7264,8
7265,9
7266,7
7267,7
7268,7
7269,7
7270,6
7271,8
7272,8
7273,6
7274,6
7275,7
7276,8
7277,9
7278,9
7279,6
7280,6
7281,6
7282,7
7283,7
7284,8
7285,8
7286,8
7287,7
7288,8
7289,9
7290,8
7291,8
7292,6
7293,8
7294,8
7295,8
7296,8
7297,8
7298,8
7299,8
7300,8
7301,8
7302,8
7303,7
7304,7
7305,8
7306,8
7307,7
7308,7
7309,7
7310,8
7311,8
7312,8
7313,7
7314,9
7315,9
7316,9
7317,8
7318,8
7319,7
7320,7
7321,6
7322,7
7323,8
7324,7
7325,8
7326,8
7327,7
7328,7
7329,7
7330,9
7331,6
7332,7
7333,8
7334,8
7335,8
7336,9
7337,9
7338,8
7339,8
7340,8
7341,7
7342,7
7343,8
7344,8
7345,8
7346,8
7347,8
7348,8
7349,8
7350,8
7351,8
7352,8
7353,7
7354,8
7355,6
7356,8
7357,7
7358,7
7359,8
7360,9
7361,9
7362,7
7363,9
7364,8
7365,6
7366,7
7367,7
7368,9
7369,9
7370,8
7371,8
7372,8
7373,8
7374,8
7375,9
7376,8
7377,9
7378,9
7379,9
7380,7
7381,8
7382,8
7383,9
7384,8
7385,9
7386,9
7387,9
7388,7
7389,7
7390,7
7391,7
7392,8
7393,7
7394,8
7395,8
7396,8
7397,8
7398,8
7399,7
7400,7
7401,9
7402,8
7403,7
7404,7
7405,7
7406,9
7407,7
7408,6
7409,6
7410,6
7411,6
7412,6
7413,6
7414,6
7415,8
7416,6
7417,8
7418,8
7419,8
7420,6
7421,7
7422,8
7423,8
7424,8
7425,8
7426,8
7427,7
7428,7
7429,7
7430,8
7431,9
7432,8
7433,9
7434,8
7435,7
7436,8
7437,8
7438,7
7439,8
7440,8
7441,9
7442,8
7443,9
7444,9
7445,8
7446,8
7447,7
7448,9
7449,9
7450,9
7451,9
7452,9
7453,9
7454,6
7455,6
7456,7
7457,9
7458,9
7459,9
7460,8
7461,8
7462,9
7463,7
7464,7
7465,6
7466,9
7467,8
7468,8
7469,9
7470,7
7471,6
7472,8
7473,8
7474,8
7475,7
7476,6
7477,6
7478,6
7479,6
7480,9
7481,9
7482,8
7483,8
7484,8
7485,7
7486,7
7487,7
7488,8
7489,7
7490,8
7491,7
7492,9
7493,8
7494,8
7495,7
7496,9
7497,9
7498,9
7499,9
7500,8
7501,6
7502,8
7503,8
7504,9
7505,8
7506,8
7507,8
7508,9
7509,7
7510,9
7511,8
7512,7
7513,7
7514,8
7515,7
7516,9
7517,9
7518,9
7519,9
7520,9
7521,8
7522,9
7523,9
7524,9
7525,8
7526,7
7527,7
7528,7
7529,9
7530,9
7531,7
7532,7
7533,8
7534,8
7535,8
7536,9
7537,9
7538,8
7539,8
7540,8
7541,8
7542,7
7543,8
7544,7
7545,9
7546,7
7547,7
7548,7
7549,7
7550,8
7551,8
7552,9
7553,9
7554,9
7555,9
7556,9
7557,8
7558,7
7559,7
7560,8
7561,9
7562,9
7563,8
7564,7
7565,7
7566,8
7567,9
7568,8
7569,9
7570,7
7571,9
7572,9
7573,9
7574,9
7575,7
7576,8
7577,7
7578,7
7579,7
7580,7
7581,8
7582,8
7583,9
7584,9
7585,9
7586,9
7587,9
7588,8
7589,8
7590,9
7591,8
7592,8
7593,8
7594,8
7595,9
7596,9
7597,9
7598,8
7599,8
7600,8
7601,8
7602,8
7603,6
7604,9
7605,9
7606,9
7607,8
7608,8
7609,8
7610,8
7611,7
7612,8
7613,7
7614,7
7615,7
7616,6
7617,6
7618,9
7619,9
7620,8
7621,8
7622,9
7623,9
7624,9
7625,9
7626,6
7627,7
7628,7
7629,6
7630,8
7631,6
7632,9
7633,9
7634,8
7635,9
7636,8
7637,8
7638,9
7639,9
7640,7
7641,9
7642,7
7643,8
7644,7
7645,8
7646,8
7647,8
7648,8
7649,8
7650,8
7651,8
7652,8
7653,8
7654,8
7655,8
7656,8
7657,8
7658,8
7659,8
7660,8
7661,8
7662,8
7663,8
7664,6
7665,9
7666,8
7667,7
7668,9
7669,8
7670,8
7671,8
7672,8
7673,8
7674,8
7675,9
7676,9
7677,9
7678,9
7679,7
7680,7
7681,8
7682,7
7683,9
7684,8
7685,7
7686,7
7687,7
7688,7
7689,7
7690,6
7691,7
7692,8
7693,9
7694,9
7695,9
7696,9
7697,8
7698,8
7699,8
7700,9
7701,9
7702,7
7703,8
7704,8
7705,8
7706,8
7707,8
7708,8
7709,8
7710,8
7711,9
7712,7
7713,8
7714,9
7715,8
7716,9
7717,6
7718,8
7719,8
7720,8
7721,8
7722,9
7723,9
7724,9
7725,9
7726,9
7727,9
7728,8
7729,7
7730,7
7731,7
7732,7
7733,8
7734,8
7735,9
7736,9
7737,8
7738,7
7739,8
7740,8
7741,7
7742,9
7743,8
7744,8
7745,8
7746,8
7747,9
7748,8
7749,8
7750,7
7751,7
7752,8
7753,9
7754,7
7755,7
7756,8
7757,8
7758,8
7759,8
7760,8
7761,8
7762,8
7763,9
7764,9
7765,8
7766,8
7767,8
7768,8
7769,9
7770,7
7771,7
7772,8
7773,9
7774,9
7775,9
7776,9
7777,9
7778,9
7779,9
7780,9
7781,9
7782,9
7783,9
7784,9
7785,9
7786,9
7787,9
7788,9
7789,9
7790,9
7791,8
7792,7
7793,8
7794,7
7795,7
7796,6
7797,8
7798,8
7799,8
7800,8
7801,8
7802,9
7803,8
7804,6
7805,8
7806,7
7807,7
7808,7
7809,9
7810,8
7811,9
7812,7
7813,7
7814,8
7815,8
7816,9
7817,9
7818,9
7819,8
7820,7
7821,8
7822,8
7823,8
7824,8
7825,8
7826,7
7827,7
7828,8
7829,7
7830,7
7831,6
7832,6
7833,9
7834,9
7835,8
7836,8
7837,8
7838,8
7839,8
7840,6
7841,7
7842,6
7843,6
7844,6
7845,8
7846,9
7847,8
7848,7
7849,8
7850,7
7851,7
7852,7
7853,7
7854,7
7855,9
7856,7
7857,6
7858,7
7859,7
7860,7
7861,7
7862,7
7863,7
7864,7
7865,7
7866,9
7867,8
7868,9
7869,9
7870,7
7871,7
7872,8
7873,9
7874,8
7875,9
7876,9
7877,9
7878,7
7879,9
7880,8
7881,8
7882,8
7883,6
7884,9
7885,8
7886,8
7887,6
7888,9
7889,8
7890,8
7891,8
7892,9
7893,8
7894,8
7895,8
7896,8
7897,8
7898,8
7899,8
7900,9
7901,8
7902,8
7903,7
7904,7
7905,8
7906,8
7907,8
7908,7
7909,7
7910,7
7911,8
7912,8
7913,8
7914,8
7915,9
7916,9
7917,8
7918,8
7919,8
7920,6
7921,8
7922,7
7923,8
7924,7
7925,7
7926,8
7927,8
7928,8
7929,9
7930,9
7931,8
7932,8
7933,9
7934,8
7935,8
7936,8
7937,8
7938,8
7939,8
7940,8
7941,8
7942,8
7943,8
7944,8
7945,8
7946,9
7947,9
7948,9
7949,9
7950,9
7951,6
7952,6
7953,9
7954,9
7955,8
7956,8
7957,7
7958,7
7959,7
7960,8
7961,8
7962,8
7963,8
7964,8
7965,8
7966,8
7967,7
7968,9
7969,8
7970,7
7971,7
7972,8
7973,6
7974,9
7975,8
7976,8
7977,8
7978,8
7979,9
7980,8
7981,8
7982,9
7983,9
7984,9
7985,9
7986,9
7987,9
7988,9
7989,7
7990,9
7991,8
7992,8
7993,6
7994,8
7995,8
7996,7
7997,8
7998,8
7999,8
8000,9
8001,8
8002,9
8003,8
8004,7
8005,8
8006,8
8007,8
8008,8
8009,8
8010,7
8011,8
8012,9
8013,9
8014,9
8015,9
8016,9
8017,8
8018,9
8019,8
8020,7
8021,7
8022,7
8023,8
8024,8
8025,7
8026,8
8027,8
8028,7
8029,9
8030,9
8031,7
8032,8
8033,8
8034,8
8035,8
8036,8
8037,8
8038,7
8039,7
8040,7
8041,8
8042,7
8043,8
8044,9
8045,7
8046,7
8047,9
8048,9
8049,9
8050,9
8051,9
8052,7
8053,8
8054,9
8055,8
8056,9
8057,7
8058,9
8059,8
8060,6
8061,6
8062,7
8063,9
8064,7
8065,7
8066,6
8067,9
8068,7
8069,7
8070,8
8071,7
8072,7
8073,7
8074,7
8075,8
8076,6
8077,8
8078,8
8079,8
8080,7
8081,9
8082,9
8083,9
8084,9
8085,8
8086,7
8087,7
8088,9
8089,7
8090,7
8091,7
8092,7
8093,8
8094,7
8095,7
8096,7
8097,8
8098,7
8099,7
8100,6
8101,9
8102,9
8103,8
8104,8
8105,6
8106,8
8107,7
8108,7
8109,8
8110,8
8111,8
8112,8
8113,8
8114,8
8115,8
8116,8
8117,8
8118,8
8119,8
8120,8
8121,8
8122,8
8123,8
8124,8
8125,8
8126,8
8127,8
8128,7
8129,7
8130,7
8131,7
8132,7
8133,7
8134,7
8135,7
8136,7
8137,6
8138,8
8139,8
8140,6
8141,8
8142,8
8143,6
8144,8
8145,7
8146,7
8147,7
8148,9
8149,9
8150,9
8151,9
8152,9
8153,8
8154,8
8155,8
8156,8
8157,8
8158,8
8159,8
8160,8
8161,8
8162,8
8163,8
8164,7
8165,8
8166,9
8167,9
8168,7
8169,9
8170,8
8171,8
8172,6
8173,6
8174,6
8175,6
8176,8
8177,8
8178,7
8179,6
8180,7
8181,8
8182,8
8183,8
8184,8
8185,7
8186,7
8187,7
8188,7
8189,6
8190,7
8191,8
8192,8
8193,8
8194,9
8195,9
8196,9
8197,9
8198,8
8199,8
8200,7
8201,6
8202,6
8203,7
8204,6
8205,9
8206,9
8207,8
8208,8
8209,7
8210,7
8211,7
8212,7
8213,7
8214,7
8215,7
8216,8
8217,6
8218,6
8219,8
8220,9
8221,8
8222,6
8223,7
8224,7
8225,7
8226,6
8227,8
8228,8
8229,8
8230,9
8231,7
8232,7
8233,6
8234,7
8235,9
8236,9
8237,7
8238,7
8239,8
8240,7
8241,8
8242,9
8243,9
8244,9
8245,9
8246,8
8247,8
8248,9
8249,8
8250,8
8251,7
8252,8
8253,8
8254,8
8255,8
8256,8
8257,6
8258,7
8259,8
8260,9
8261,7
8262,7
8263,7
8264,9
8265,8
8266,8
8267,8
8268,8
8269,8
8270,8
8271,8
8272,7
8273,7
8274,7
8275,8
8276,9
8277,9
8278,9
8279,9
8280,8
8281,8
8282,7
8283,7
8284,7
8285,7
8286,8
8287,6
8288,8
8289,9
8290,8
8291,8
8292,8
8293,8
8294,8
8295,8
8296,6
8297,8
8298,8
8299,8
8300,8
8301,6
8302,7
8303,8
8304,8
8305,8
8306,9
8307,6
8308,9
8309,7
8310,8
8311,6
8312,8
8313,8
8314,8
8315,9
8316,7
8317,7
8318,7
8319,7
8320,7
8321,7
8322,7
8323,6
8324,8
8325,7
8326,7
8327,6
8328,7
8329,7
8330,8
8331,8
8332,8
8333,8
8334,8
8335,8
8336,8
8337,7
8338,7
8339,9
8340,9
8341,8
8342,8
8343,6
8344,6
8345,6
8346,9
8347,7
8348,9
8349,9
8350,9
8351,9
8352,9
8353,9
8354,7
8355,7
8356,6
8357,9
8358,9
8359,9
8360,9
8361,9
8362,9
8363,9
8364,9
8365,9
8366,9
8367,7
8368,7
8369,9
8370,8
8371,8
8372,9
8373,8
8374,8
8375,8
8376,8
8377,8
8378,8
8379,8
8380,8
8381,9
8382,9
8383,9
8384,9
8385,9
8386,7
8387,7
8388,7
8389,7
8390,7
8391,7
8392,7
8393,7
8394,7
8395,7
8396,7
8397,6
8398,8
8399,8
8400,8
8401,8
8402,8
8403,8
8404,8
8405,9
8406,9
8407,7
8408,7
8409,7
8410,8
8411,7
8412,7
8413,7
8414,6
8415,6
8416,7
8417,8
8418,9
8419,9
8420,9
8421,9
8422,7
8423,8
8424,8
8425,7
8426,7
8427,9
8428,9
8429,9
8430,9
8431,7
8432,9
8433,9
8434,9
8435,8
8436,8
8437,8
8438,7
8439,7
8440,8
8441,8
8442,7
8443,8
8444,8
8445,9
8446,9
8447,6
8448,7
8449,7
8450,7
8451,7
8452,7
8453,6
8454,8
8455,9
8456,8
8457,7
8458,9
8459,9
8460,9
8461,8
8462,9
8463,8
8464,9
8465,9
8466,8
8467,8
8468,7
8469,7
8470,7
8471,8
8472,8
8473,7
8474,8
8475,7
8476,9
8477,8
8478,8
8479,7
8480,7
8481,8
8482,7
8483,9
8484,7
8485,9
8486,9
8487,7
8488,9
8489,8
8490,8
8491,8
8492,8
8493,8
8494,8
8495,8
8496,9
8497,7
8498,7
8499,9
8500,9
8501,7
8502,8
8503,7
8504,7
8505,7
8506,7
8507,7
8508,8
8509,6
8510,9
8511,9
8512,8
8513,8
8514,8
8515,8
8516,8
8517,7
8518,7
8519,7
8520,9
8521,6
8522,9
8523,9
8524,7
8525,7
8526,8
8527,8
8528,8
8529,9
8530,8
8531,8
8532,8
8533,9
8534,9
8535,8
8536,8
8537,9
8538,8
8539,8
8540,9
8541,6
8542,6
8543,6
8544,8
8545,8
8546,8
8547,9
8548,8
8549,8
8550,9
8551,9
8552,8
8553,8
8554,8
8555,8
8556,9
8557,9
8558,9
8559,8
8560,6
8561,9
8562,7
8563,7
8564,8
8565,7
8566,8
8567,7
8568,9
8569,9
8570,8
8571,7
8572,7
8573,8
8574,8
8575,7
8576,8
8577,9
8578,9
8579,7
8580,8
8581,8
8582,8
8583,8
8584,9
8585,9
8586,9
8587,9
8588,9
8589,9
8590,7
8591,6
8592,6
8593,6
8594,9
8595,7
8596,8
8597,9
8598,9
8599,7
8600,7
8601,6
8602,9
8603,9
8604,7
8605,7
8606,8
8607,7
8608,9
8609,9
8610,9
8611,7
8612,8
8613,7
8614,8
8615,6
8616,6
8617,9
8618,9
8619,7
8620,8
8621,9
8622,8
8623,8
8624,8
8625,8
8626,8
8627,7
8628,8
8629,8
8630,8
8631,8
8632,6
8633,6
8634,7
8635,9
8636,9
8637,7
8638,7
8639,9
8640,9
8641,8
8642,8
8643,9
8644,7
8645,7
8646,7
8647,7
8648,8
8649,7
8650,8
8651,8
8652,8
8653,8
8654,7
8655,7
8656,7
8657,7
8658,7
8659,7
8660,7
8661,7
8662,9
8663,6
8664,8
8665,9
8666,7
8667,9
8668,7
8669,8
8670,9
8671,9
8672,8
8673,8
8674,8
8675,8
8676,8
8677,8
8678,8
8679,8
8680,8
8681,8
8682,8
8683,8
8684,8
8685,7
8686,7
8687,7
8688,7
8689,9
8690,7
8691,8
8692,8
8693,9
8694,9
8695,9
8696,9
8697,9
8698,9
8699,7
8700,8
8701,7
8702,8
8703,9
8704,8
8705,8
8706,7
8707,7
8708,7
8709,9
8710,7
8711,8
8712,8
8713,7
8714,7
8715,7
8716,8
8717,8
8718,7
8719,7
8720,9
8721,8
8722,8
8723,7
8724,7
8725,7
8726,8
8727,7
8728,7
8729,7
8730,8
8731,8
8732,9
8733,8
8734,8
8735,9
8736,9
8737,6
8738,8
8739,8
8740,8
8741,8
8742,7
8743,7
8744,8
8745,7
8746,7
8747,8
8748,7
8749,7
8750,9
8751,8
8752,9
8753,9
8754,9
8755,9
8756,9
8757,9
8758,7
8759,8
8760,8
8761,9
8762,9
8763,9
8764,8
8765,7
8766,9
8767,8
8768,8
8769,7
8770,7
8771,8
8772,7
8773,8
8774,7
8775,7
8776,8
8777,8
8778,8
8779,8
8780,8
8781,8
8782,8
8783,8
8784,8
8785,9
8786,7
8787,7
8788,8
8789,8
8790,6
8791,9
8792,7
8793,8
8794,9
8795,9
8796,9
8797,9
8798,8
8799,9
8800,9
8801,6
8802,9
8803,9
8804,9
8805,8
8806,9
8807,9
8808,9
8809,7
8810,7
8811,7
8812,8
8813,9
8814,8
8815,7
8816,7
8817,8
8818,7
8819,7
8820,6
8821,9
8822,8
8823,9
8824,9
8825,9
8826,9
8827,9
8828,9
8829,9
8830,9
8831,9
8832,7
8833,9
8834,9
8835,9
8836,9
8837,8
8838,9
8839,9
8840,8
8841,8
8842,9
8843,9
8844,8
8845,7
8846,9
8847,6
8848,9
8849,6
8850,7
8851,7
8852,8
8853,9
8854,6
8855,6
8856,8
8857,6
8858,8
8859,8
8860,8
8861,7
8862,7
8863,7
8864,7
8865,7
8866,6
8867,8
8868,8
8869,9
8870,8
8871,9
8872,7
8873,8
8874,9
8875,9
8876,9
8877,9
8878,9
8879,9
8880,9
8881,9
8882,9
8883,8
8884,9
8885,7
8886,8
8887,8
8888,8
8889,7
8890,7
8891,7
8892,8
